,date,ticker,open,high,low,close,volume
0,2010-01-01,ROS,,,,,
1,2010-01-04,ROS,,,,,
2,2010-01-05,ROS,,,,,
3,2010-01-06,ROS,,,,,
4,2010-01-07,ROS,,,,,
5,2010-01-08,ROS,,,,,
6,2010-01-11,ROS,,,,,
7,2010-01-12,ROS,,,,,
8,2010-01-13,ROS,,,,,
9,2010-01-14,ROS,,,,,
10,2010-01-15,ROS,,,,,
11,2010-01-18,ROS,,,,,
12,2010-01-19,ROS,,,,,
13,2010-01-20,ROS,,,,,
14,2010-01-21,ROS,,,,,
15,2010-01-22,ROS,,,,,
16,2010-01-25,ROS,,,,,
17,2010-01-26,ROS,,,,,
18,2010-01-27,ROS,,,,,
19,2010-01-28,ROS,,,,,
20,2010-01-29,ROS,,,,,
21,2010-02-01,ROS,,,,,
22,2010-02-02,ROS,,,,,
23,2010-02-03,ROS,,,,,
24,2010-02-04,ROS,,,,,
25,2010-02-05,ROS,,,,,
26,2010-02-08,ROS,,,,,
27,2010-02-09,ROS,,,,,
28,2010-02-10,ROS,,,,,
29,2010-02-11,ROS,,,,,
30,2010-02-12,ROS,,,,,
31,2010-02-15,ROS,,,,,
32,2010-02-16,ROS,,,,,
33,2010-02-17,ROS,,,,,
34,2010-02-18,ROS,,,,,
35,2010-02-19,ROS,,,,,
36,2010-02-22,ROS,,,,,
37,2010-02-23,ROS,,,,,
38,2010-02-24,ROS,,,,,
39,2010-02-25,ROS,,,,,
40,2010-02-26,ROS,,,,,
41,2010-03-01,ROS,,,,,
42,2010-03-02,ROS,,,,,
43,2010-03-03,ROS,,,,,
44,2010-03-04,ROS,,,,,
45,2010-03-05,ROS,,,,,
46,2010-03-08,ROS,,,,,
47,2010-03-09,ROS,,,,,
48,2010-03-10,ROS,,,,,
49,2010-03-11,ROS,,,,,
50,2010-03-12,ROS,,,,,
51,2010-03-15,ROS,,,,,
52,2010-03-16,ROS,,,,,
53,2010-03-17,ROS,,,,,
54,2010-03-18,ROS,,,,,
55,2010-03-19,ROS,,,,,
56,2010-03-22,ROS,,,,,
57,2010-03-23,ROS,,,,,
58,2010-03-24,ROS,,,,,
59,2010-03-25,ROS,,,,,
60,2010-03-26,ROS,,,,,
61,2010-03-29,ROS,,,,,
62,2010-03-30,ROS,,,,,
63,2010-03-31,ROS,,,,,
64,2010-04-01,ROS,,,,,
65,2010-04-02,ROS,,,,,
66,2010-04-05,ROS,,,,,
67,2010-04-06,ROS,,,,,
68,2010-04-07,ROS,,,,,
69,2010-04-08,ROS,,,,,
70,2010-04-09,ROS,,,,,
71,2010-04-12,ROS,,,,,
72,2010-04-13,ROS,,,,,
73,2010-04-14,ROS,,,,,
74,2010-04-15,ROS,,,,,
75,2010-04-16,ROS,,,,,
76,2010-04-19,ROS,,,,,
77,2010-04-20,ROS,,,,,
78,2010-04-21,ROS,,,,,
79,2010-04-22,ROS,,,,,
80,2010-04-23,ROS,,,,,
81,2010-04-26,ROS,,,,,
82,2010-04-27,ROS,,,,,
83,2010-04-28,ROS,,,,,
84,2010-04-29,ROS,,,,,
85,2010-04-30,ROS,,,,,
86,2010-05-03,ROS,,,,,
87,2010-05-04,ROS,,,,,
88,2010-05-05,ROS,,,,,
89,2010-05-06,ROS,,,,,
90,2010-05-07,ROS,,,,,
91,2010-05-10,ROS,,,,,
92,2010-05-11,ROS,,,,,
93,2010-05-12,ROS,,,,,
94,2010-05-13,ROS,,,,,
95,2010-05-14,ROS,,,,,
96,2010-05-17,ROS,,,,,
97,2010-05-18,ROS,,,,,
98,2010-05-19,ROS,,,,,
99,2010-05-20,ROS,,,,,
100,2010-05-21,ROS,,,,,
101,2010-05-24,ROS,,,,,
102,2010-05-25,ROS,,,,,
103,2010-05-26,ROS,,,,,
104,2010-05-27,ROS,,,,,
105,2010-05-28,ROS,,,,,
106,2010-05-31,ROS,,,,,
107,2010-06-01,ROS,,,,,
108,2010-06-02,ROS,,,,,
109,2010-06-03,ROS,,,,,
110,2010-06-04,ROS,,,,,
111,2010-06-07,ROS,,,,,
112,2010-06-08,ROS,,,,,
113,2010-06-09,ROS,,,,,
114,2010-06-10,ROS,,,,,
115,2010-06-11,ROS,,,,,
116,2010-06-14,ROS,,,,,
117,2010-06-15,ROS,,,,,
118,2010-06-16,ROS,,,,,
119,2010-06-17,ROS,,,,,
120,2010-06-18,ROS,,,,,
121,2010-06-21,ROS,,,,,
122,2010-06-22,ROS,,,,,
123,2010-06-23,ROS,,,,,
124,2010-06-24,ROS,,,,,
125,2010-06-25,ROS,,,,,
126,2010-06-28,ROS,,,,,
127,2010-06-29,ROS,,,,,
128,2010-06-30,ROS,,,,,
129,2010-07-01,ROS,,,,,
130,2010-07-02,ROS,,,,,
131,2010-07-05,ROS,,,,,
132,2010-07-06,ROS,,,,,
133,2010-07-07,ROS,,,,,
134,2010-07-08,ROS,,,,,
135,2010-07-09,ROS,,,,,
136,2010-07-12,ROS,,,,,
137,2010-07-13,ROS,,,,,
138,2010-07-14,ROS,,,,,
139,2010-07-15,ROS,,,,,
140,2010-07-16,ROS,,,,,
141,2010-07-19,ROS,,,,,
142,2010-07-20,ROS,,,,,
143,2010-07-21,ROS,,,,,
144,2010-07-22,ROS,,,,,
145,2010-07-23,ROS,,,,,
146,2010-07-26,ROS,,,,,
147,2010-07-27,ROS,,,,,
148,2010-07-28,ROS,,,,,
149,2010-07-29,ROS,,,,,
150,2010-07-30,ROS,,,,,
151,2010-08-02,ROS,,,,,
152,2010-08-03,ROS,,,,,
153,2010-08-04,ROS,,,,,
154,2010-08-05,ROS,,,,,
155,2010-08-06,ROS,,,,,
156,2010-08-09,ROS,,,,,
157,2010-08-10,ROS,,,,,
158,2010-08-11,ROS,,,,,
159,2010-08-12,ROS,,,,,
160,2010-08-13,ROS,,,,,
161,2010-08-16,ROS,,,,,
162,2010-08-17,ROS,,,,,
163,2010-08-18,ROS,,,,,
164,2010-08-19,ROS,,,,,
165,2010-08-20,ROS,,,,,
166,2010-08-23,ROS,,,,,
167,2010-08-24,ROS,,,,,
168,2010-08-25,ROS,,,,,
169,2010-08-26,ROS,,,,,
170,2010-08-27,ROS,,,,,
171,2010-08-30,ROS,,,,,
172,2010-08-31,ROS,,,,,
173,2010-09-01,ROS,,,,,
174,2010-09-02,ROS,,,,,
175,2010-09-03,ROS,,,,,
176,2010-09-06,ROS,,,,,
177,2010-09-07,ROS,,,,,
178,2010-09-08,ROS,,,,,
179,2010-09-09,ROS,,,,,
180,2010-09-10,ROS,,,,,
181,2010-09-13,ROS,,,,,
182,2010-09-14,ROS,,,,,
183,2010-09-15,ROS,,,,,
184,2010-09-16,ROS,,,,,
185,2010-09-17,ROS,,,,,
186,2010-09-20,ROS,,,,,
187,2010-09-21,ROS,,,,,
188,2010-09-22,ROS,,,,,
189,2010-09-23,ROS,,,,,
190,2010-09-24,ROS,,,,,
191,2010-09-27,ROS,,,,,
192,2010-09-28,ROS,,,,,
193,2010-09-29,ROS,,,,,
194,2010-09-30,ROS,,,,,
195,2010-10-01,ROS,,,,,
196,2010-10-04,ROS,,,,,
197,2010-10-05,ROS,,,,,
198,2010-10-06,ROS,,,,,
199,2010-10-07,ROS,,,,,
200,2010-10-08,ROS,,,,,
201,2010-10-11,ROS,,,,,
202,2010-10-12,ROS,,,,,
203,2010-10-13,ROS,,,,,
204,2010-10-14,ROS,,,,,
205,2010-10-15,ROS,,,,,
206,2010-10-18,ROS,,,,,
207,2010-10-19,ROS,,,,,
208,2010-10-20,ROS,,,,,
209,2010-10-21,ROS,,,,,
210,2010-10-22,ROS,,,,,
211,2010-10-25,ROS,,,,,
212,2010-10-26,ROS,,,,,
213,2010-10-27,ROS,,,,,
214,2010-10-28,ROS,,,,,
215,2010-10-29,ROS,,,,,
216,2010-11-01,ROS,,,,,
217,2010-11-02,ROS,,,,,
218,2010-11-03,ROS,,,,,
219,2010-11-04,ROS,,,,,
220,2010-11-05,ROS,,,,,
221,2010-11-08,ROS,,,,,
222,2010-11-09,ROS,,,,,
223,2010-11-10,ROS,,,,,
224,2010-11-11,ROS,,,,,
225,2010-11-12,ROS,,,,,
226,2010-11-15,ROS,,,,,
227,2010-11-16,ROS,,,,,
228,2010-11-17,ROS,,,,,
229,2010-11-18,ROS,,,,,
230,2010-11-19,ROS,,,,,
231,2010-11-22,ROS,,,,,
232,2010-11-23,ROS,,,,,
233,2010-11-24,ROS,,,,,
234,2010-11-25,ROS,,,,,
235,2010-11-26,ROS,,,,,
236,2010-11-29,ROS,,,,,
237,2010-11-30,ROS,,,,,
238,2010-12-01,ROS,,,,,
239,2010-12-02,ROS,,,,,
240,2010-12-03,ROS,,,,,
241,2010-12-06,ROS,,,,,
242,2010-12-07,ROS,,,,,
243,2010-12-08,ROS,,,,,
244,2010-12-09,ROS,,,,,
245,2010-12-10,ROS,,,,,
246,2010-12-13,ROS,,,,,
247,2010-12-14,ROS,,,,,
248,2010-12-15,ROS,,,,,
249,2010-12-16,ROS,,,,,
250,2010-12-17,ROS,,,,,
251,2010-12-20,ROS,,,,,
252,2010-12-21,ROS,,,,,
253,2010-12-22,ROS,,,,,
254,2010-12-23,ROS,,,,,
255,2010-12-24,ROS,,,,,
256,2010-12-27,ROS,,,,,
257,2010-12-28,ROS,,,,,
258,2010-12-29,ROS,,,,,
259,2010-12-30,ROS,,,,,
260,2010-12-31,ROS,,,,,
261,2011-01-03,ROS,,,,,
262,2011-01-04,ROS,,,,,
263,2011-01-05,ROS,,,,,
264,2011-01-06,ROS,,,,,
265,2011-01-07,ROS,,,,,
266,2011-01-10,ROS,,,,,
267,2011-01-11,ROS,,,,,
268,2011-01-12,ROS,,,,,
269,2011-01-13,ROS,,,,,
270,2011-01-14,ROS,,,,,
271,2011-01-17,ROS,,,,,
272,2011-01-18,ROS,,,,,
273,2011-01-19,ROS,,,,,
274,2011-01-20,ROS,,,,,
275,2011-01-21,ROS,,,,,
276,2011-01-24,ROS,,,,,
277,2011-01-25,ROS,,,,,
278,2011-01-26,ROS,,,,,
279,2011-01-27,ROS,,,,,
280,2011-01-28,ROS,,,,,
281,2011-01-31,ROS,,,,,
282,2011-02-01,ROS,,,,,
283,2011-02-02,ROS,,,,,
284,2011-02-03,ROS,,,,,
285,2011-02-04,ROS,,,,,
286,2011-02-07,ROS,,,,,
287,2011-02-08,ROS,,,,,
288,2011-02-09,ROS,,,,,
289,2011-02-10,ROS,,,,,
290,2011-02-11,ROS,,,,,
291,2011-02-14,ROS,,,,,
292,2011-02-15,ROS,,,,,
293,2011-02-16,ROS,,,,,
294,2011-02-17,ROS,,,,,
295,2011-02-18,ROS,,,,,
296,2011-02-21,ROS,,,,,
297,2011-02-22,ROS,,,,,
298,2011-02-23,ROS,,,,,
299,2011-02-24,ROS,,,,,
300,2011-02-25,ROS,,,,,
301,2011-02-28,ROS,,,,,
302,2011-03-01,ROS,,,,,
303,2011-03-02,ROS,,,,,
304,2011-03-03,ROS,,,,,
305,2011-03-04,ROS,,,,,
306,2011-03-07,ROS,,,,,
307,2011-03-08,ROS,,,,,
308,2011-03-09,ROS,,,,,
309,2011-03-10,ROS,,,,,
310,2011-03-11,ROS,,,,,
311,2011-03-14,ROS,,,,,
312,2011-03-15,ROS,,,,,
313,2011-03-16,ROS,,,,,
314,2011-03-17,ROS,,,,,
315,2011-03-18,ROS,,,,,
316,2011-03-21,ROS,,,,,
317,2011-03-22,ROS,,,,,
318,2011-03-23,ROS,,,,,
319,2011-03-24,ROS,,,,,
320,2011-03-25,ROS,,,,,
321,2011-03-28,ROS,,,,,
322,2011-03-29,ROS,,,,,
323,2011-03-30,ROS,,,,,
324,2011-03-31,ROS,,,,,
325,2011-04-01,ROS,,,,,
326,2011-04-04,ROS,,,,,
327,2011-04-05,ROS,,,,,
328,2011-04-06,ROS,,,,,
329,2011-04-07,ROS,,,,,
330,2011-04-08,ROS,,,,,
331,2011-04-11,ROS,,,,,
332,2011-04-12,ROS,,,,,
333,2011-04-13,ROS,,,,,
334,2011-04-14,ROS,,,,,
335,2011-04-15,ROS,,,,,
336,2011-04-18,ROS,,,,,
337,2011-04-19,ROS,,,,,
338,2011-04-20,ROS,,,,,
339,2011-04-21,ROS,,,,,
340,2011-04-22,ROS,,,,,
341,2011-04-25,ROS,,,,,
342,2011-04-26,ROS,,,,,
343,2011-04-27,ROS,,,,,
344,2011-04-28,ROS,,,,,
345,2011-04-29,ROS,,,,,
346,2011-05-02,ROS,,,,,
347,2011-05-03,ROS,,,,,
348,2011-05-04,ROS,,,,,
349,2011-05-05,ROS,,,,,
350,2011-05-06,ROS,,,,,
351,2011-05-09,ROS,,,,,
352,2011-05-10,ROS,,,,,
353,2011-05-11,ROS,,,,,
354,2011-05-12,ROS,,,,,
355,2011-05-13,ROS,,,,,
356,2011-05-16,ROS,,,,,
357,2011-05-17,ROS,,,,,
358,2011-05-18,ROS,,,,,
359,2011-05-19,ROS,,,,,
360,2011-05-20,ROS,,,,,
361,2011-05-23,ROS,,,,,
362,2011-05-24,ROS,,,,,
363,2011-05-25,ROS,,,,,
364,2011-05-26,ROS,,,,,
365,2011-05-27,ROS,,,,,
366,2011-05-30,ROS,,,,,
367,2011-05-31,ROS,,,,,
368,2011-06-01,ROS,,,,,
369,2011-06-02,ROS,,,,,
370,2011-06-03,ROS,,,,,
371,2011-06-06,ROS,,,,,
372,2011-06-07,ROS,,,,,
373,2011-06-08,ROS,,,,,
374,2011-06-09,ROS,,,,,
375,2011-06-10,ROS,,,,,
376,2011-06-13,ROS,,,,,
377,2011-06-14,ROS,,,,,
378,2011-06-15,ROS,,,,,
379,2011-06-16,ROS,,,,,
380,2011-06-17,ROS,,,,,
381,2011-06-20,ROS,,,,,
382,2011-06-21,ROS,,,,,
383,2011-06-22,ROS,,,,,
384,2011-06-23,ROS,,,,,
385,2011-06-24,ROS,,,,,
386,2011-06-27,ROS,,,,,
387,2011-06-28,ROS,,,,,
388,2011-06-29,ROS,,,,,
389,2011-06-30,ROS,,,,,
390,2011-07-01,ROS,,,,,
391,2011-07-04,ROS,,,,,
392,2011-07-05,ROS,,,,,
393,2011-07-06,ROS,,,,,
394,2011-07-07,ROS,,,,,
395,2011-07-08,ROS,,,,,
396,2011-07-11,ROS,,,,,
397,2011-07-12,ROS,,,,,
398,2011-07-13,ROS,,,,,
399,2011-07-14,ROS,,,,,
400,2011-07-15,ROS,,,,,
401,2011-07-18,ROS,,,,,
402,2011-07-19,ROS,,,,,
403,2011-07-20,ROS,,,,,
404,2011-07-21,ROS,,,,,
405,2011-07-22,ROS,,,,,
406,2011-07-25,ROS,,,,,
407,2011-07-26,ROS,,,,,
408,2011-07-27,ROS,,,,,
409,2011-07-28,ROS,,,,,
410,2011-07-29,ROS,,,,,
411,2011-08-01,ROS,,,,,
412,2011-08-02,ROS,,,,,
413,2011-08-03,ROS,,,,,
414,2011-08-04,ROS,,,,,
415,2011-08-05,ROS,,,,,
416,2011-08-08,ROS,,,,,
417,2011-08-09,ROS,,,,,
418,2011-08-10,ROS,,,,,
419,2011-08-11,ROS,,,,,
420,2011-08-12,ROS,,,,,
421,2011-08-15,ROS,,,,,
422,2011-08-16,ROS,,,,,
423,2011-08-17,ROS,,,,,
424,2011-08-18,ROS,,,,,
425,2011-08-19,ROS,,,,,
426,2011-08-22,ROS,,,,,
427,2011-08-23,ROS,,,,,
428,2011-08-24,ROS,,,,,
429,2011-08-25,ROS,,,,,
430,2011-08-26,ROS,,,,,
431,2011-08-29,ROS,,,,,
432,2011-08-30,ROS,,,,,
433,2011-08-31,ROS,,,,,
434,2011-09-01,ROS,,,,,
435,2011-09-02,ROS,,,,,
436,2011-09-05,ROS,,,,,
437,2011-09-06,ROS,,,,,
438,2011-09-07,ROS,,,,,
439,2011-09-08,ROS,,,,,
440,2011-09-09,ROS,,,,,
441,2011-09-12,ROS,,,,,
442,2011-09-13,ROS,,,,,
443,2011-09-14,ROS,,,,,
444,2011-09-15,ROS,,,,,
445,2011-09-16,ROS,,,,,
446,2011-09-19,ROS,,,,,
447,2011-09-20,ROS,,,,,
448,2011-09-21,ROS,,,,,
449,2011-09-22,ROS,,,,,
450,2011-09-23,ROS,,,,,
451,2011-09-26,ROS,,,,,
452,2011-09-27,ROS,,,,,
453,2011-09-28,ROS,,,,,
454,2011-09-29,ROS,,,,,
455,2011-09-30,ROS,,,,,
456,2011-10-03,ROS,,,,,
457,2011-10-04,ROS,,,,,
458,2011-10-05,ROS,,,,,
459,2011-10-06,ROS,,,,,
460,2011-10-07,ROS,,,,,
461,2011-10-10,ROS,,,,,
462,2011-10-11,ROS,,,,,
463,2011-10-12,ROS,,,,,
464,2011-10-13,ROS,,,,,
465,2011-10-14,ROS,,,,,
466,2011-10-17,ROS,,,,,
467,2011-10-18,ROS,,,,,
468,2011-10-19,ROS,,,,,
469,2011-10-20,ROS,,,,,
470,2011-10-21,ROS,,,,,
471,2011-10-24,ROS,,,,,
472,2011-10-25,ROS,,,,,
473,2011-10-26,ROS,,,,,
474,2011-10-27,ROS,,,,,
475,2011-10-28,ROS,,,,,
476,2011-10-31,ROS,,,,,
477,2011-11-01,ROS,,,,,
478,2011-11-02,ROS,,,,,
479,2011-11-03,ROS,,,,,
480,2011-11-04,ROS,,,,,
481,2011-11-07,ROS,,,,,
482,2011-11-08,ROS,,,,,
483,2011-11-09,ROS,,,,,
484,2011-11-10,ROS,,,,,
485,2011-11-11,ROS,,,,,
486,2011-11-14,ROS,,,,,
487,2011-11-15,ROS,,,,,
488,2011-11-16,ROS,,,,,
489,2011-11-17,ROS,,,,,
490,2011-11-18,ROS,,,,,
491,2011-11-21,ROS,,,,,
492,2011-11-22,ROS,,,,,
493,2011-11-23,ROS,,,,,
494,2011-11-24,ROS,,,,,
495,2011-11-25,ROS,,,,,
496,2011-11-28,ROS,,,,,
497,2011-11-29,ROS,,,,,
498,2011-11-30,ROS,,,,,
499,2011-12-01,ROS,,,,,
500,2011-12-02,ROS,,,,,
501,2011-12-05,ROS,,,,,
502,2011-12-06,ROS,,,,,
503,2011-12-07,ROS,,,,,
504,2011-12-08,ROS,,,,,
505,2011-12-09,ROS,,,,,
506,2011-12-12,ROS,,,,,
507,2011-12-13,ROS,,,,,
508,2011-12-14,ROS,,,,,
509,2011-12-15,ROS,,,,,
510,2011-12-16,ROS,,,,,
511,2011-12-19,ROS,,,,,
512,2011-12-20,ROS,,,,,
513,2011-12-21,ROS,,,,,
514,2011-12-22,ROS,,,,,
515,2011-12-23,ROS,,,,,
516,2011-12-26,ROS,,,,,
517,2011-12-27,ROS,,,,,
518,2011-12-28,ROS,,,,,
519,2011-12-29,ROS,,,,,
520,2011-12-30,ROS,,,,,
521,2012-01-02,ROS,,,,,
522,2012-01-03,ROS,,,,,
523,2012-01-04,ROS,,,,,
524,2012-01-05,ROS,,,,,
525,2012-01-06,ROS,,,,,
526,2012-01-09,ROS,,,,,
527,2012-01-10,ROS,,,,,
528,2012-01-11,ROS,,,,,
529,2012-01-12,ROS,,,,,
530,2012-01-13,ROS,,,,,
531,2012-01-16,ROS,,,,,
532,2012-01-17,ROS,,,,,
533,2012-01-18,ROS,,,,,
534,2012-01-19,ROS,,,,,
535,2012-01-20,ROS,,,,,
536,2012-01-23,ROS,,,,,
537,2012-01-24,ROS,,,,,
538,2012-01-25,ROS,,,,,
539,2012-01-26,ROS,,,,,
540,2012-01-27,ROS,,,,,
541,2012-01-30,ROS,,,,,
542,2012-01-31,ROS,,,,,
543,2012-02-01,ROS,,,,,
544,2012-02-02,ROS,,,,,
545,2012-02-03,ROS,,,,,
546,2012-02-06,ROS,,,,,
547,2012-02-07,ROS,,,,,
548,2012-02-08,ROS,,,,,
549,2012-02-09,ROS,,,,,
550,2012-02-10,ROS,,,,,
551,2012-02-13,ROS,,,,,
552,2012-02-14,ROS,,,,,
553,2012-02-15,ROS,,,,,
554,2012-02-16,ROS,,,,,
555,2012-02-17,ROS,,,,,
556,2012-02-20,ROS,,,,,
557,2012-02-21,ROS,,,,,
558,2012-02-22,ROS,,,,,
559,2012-02-23,ROS,,,,,
560,2012-02-24,ROS,,,,,
561,2012-02-27,ROS,,,,,
562,2012-02-28,ROS,,,,,
563,2012-02-29,ROS,,,,,
564,2012-03-01,ROS,,,,,
565,2012-03-02,ROS,,,,,
566,2012-03-05,ROS,,,,,
567,2012-03-06,ROS,,,,,
568,2012-03-07,ROS,,,,,
569,2012-03-08,ROS,,,,,
570,2012-03-09,ROS,,,,,
571,2012-03-12,ROS,,,,,
572,2012-03-13,ROS,,,,,
573,2012-03-14,ROS,,,,,
574,2012-03-15,ROS,,,,,
575,2012-03-16,ROS,,,,,
576,2012-03-19,ROS,,,,,
577,2012-03-20,ROS,,,,,
578,2012-03-21,ROS,,,,,
579,2012-03-22,ROS,,,,,
580,2012-03-23,ROS,,,,,
581,2012-03-26,ROS,,,,,
582,2012-03-27,ROS,,,,,
583,2012-03-28,ROS,,,,,
584,2012-03-29,ROS,,,,,
585,2012-03-30,ROS,,,,,
586,2012-04-02,ROS,,,,,
587,2012-04-03,ROS,,,,,
588,2012-04-04,ROS,,,,,
589,2012-04-05,ROS,,,,,
590,2012-04-06,ROS,,,,,
591,2012-04-09,ROS,,,,,
592,2012-04-10,ROS,,,,,
593,2012-04-11,ROS,,,,,
594,2012-04-12,ROS,,,,,
595,2012-04-13,ROS,,,,,
596,2012-04-16,ROS,,,,,
597,2012-04-17,ROS,,,,,
598,2012-04-18,ROS,,,,,
599,2012-04-19,ROS,,,,,
600,2012-04-20,ROS,,,,,
601,2012-04-23,ROS,,,,,
602,2012-04-24,ROS,,,,,
603,2012-04-25,ROS,,,,,
604,2012-04-26,ROS,,,,,
605,2012-04-27,ROS,,,,,
606,2012-04-30,ROS,,,,,
607,2012-05-01,ROS,,,,,
608,2012-05-02,ROS,,,,,
609,2012-05-03,ROS,,,,,
610,2012-05-04,ROS,,,,,
611,2012-05-07,ROS,,,,,
612,2012-05-08,ROS,,,,,
613,2012-05-09,ROS,,,,,
614,2012-05-10,ROS,,,,,
615,2012-05-11,ROS,,,,,
616,2012-05-14,ROS,,,,,
617,2012-05-15,ROS,,,,,
618,2012-05-16,ROS,,,,,
619,2012-05-17,ROS,,,,,
620,2012-05-18,ROS,,,,,
621,2012-05-21,ROS,,,,,
622,2012-05-22,ROS,,,,,
623,2012-05-23,ROS,,,,,
624,2012-05-24,ROS,,,,,
625,2012-05-25,ROS,,,,,
626,2012-05-28,ROS,,,,,
627,2012-05-29,ROS,,,,,
628,2012-05-30,ROS,,,,,
629,2012-05-31,ROS,,,,,
630,2012-06-01,ROS,,,,,
631,2012-06-04,ROS,,,,,
632,2012-06-05,ROS,,,,,
633,2012-06-06,ROS,,,,,
634,2012-06-07,ROS,,,,,
635,2012-06-08,ROS,,,,,
636,2012-06-11,ROS,,,,,
637,2012-06-12,ROS,,,,,
638,2012-06-13,ROS,,,,,
639,2012-06-14,ROS,,,,,
640,2012-06-15,ROS,,,,,
641,2012-06-18,ROS,,,,,
642,2012-06-19,ROS,,,,,
643,2012-06-20,ROS,,,,,
644,2012-06-21,ROS,,,,,
645,2012-06-22,ROS,,,,,
646,2012-06-25,ROS,,,,,
647,2012-06-26,ROS,,,,,
648,2012-06-27,ROS,,,,,
649,2012-06-28,ROS,,,,,
650,2012-06-29,ROS,,,,,
651,2012-07-02,ROS,,,,,
652,2012-07-03,ROS,,,,,
653,2012-07-04,ROS,,,,,
654,2012-07-05,ROS,,,,,
655,2012-07-06,ROS,,,,,
656,2012-07-09,ROS,,,,,
657,2012-07-10,ROS,,,,,
658,2012-07-11,ROS,,,,,
659,2012-07-12,ROS,,,,,
660,2012-07-13,ROS,,,,,
661,2012-07-16,ROS,,,,,
662,2012-07-17,ROS,,,,,
663,2012-07-18,ROS,,,,,
664,2012-07-19,ROS,,,,,
665,2012-07-20,ROS,,,,,
666,2012-07-23,ROS,,,,,
667,2012-07-24,ROS,,,,,
668,2012-07-25,ROS,,,,,
669,2012-07-26,ROS,,,,,
670,2012-07-27,ROS,,,,,
671,2012-07-30,ROS,,,,,
672,2012-07-31,ROS,,,,,
673,2012-08-01,ROS,,,,,
674,2012-08-02,ROS,,,,,
675,2012-08-03,ROS,,,,,
676,2012-08-06,ROS,,,,,
677,2012-08-07,ROS,,,,,
678,2012-08-08,ROS,,,,,
679,2012-08-09,ROS,,,,,
680,2012-08-10,ROS,,,,,
681,2012-08-13,ROS,,,,,
682,2012-08-14,ROS,,,,,
683,2012-08-15,ROS,,,,,
684,2012-08-16,ROS,,,,,
685,2012-08-17,ROS,,,,,
686,2012-08-20,ROS,,,,,
687,2012-08-21,ROS,,,,,
688,2012-08-22,ROS,,,,,
689,2012-08-23,ROS,,,,,
690,2012-08-24,ROS,,,,,
691,2012-08-27,ROS,,,,,
692,2012-08-28,ROS,,,,,
693,2012-08-29,ROS,,,,,
694,2012-08-30,ROS,,,,,
695,2012-08-31,ROS,,,,,
696,2012-09-03,ROS,,,,,
697,2012-09-04,ROS,,,,,
698,2012-09-05,ROS,,,,,
699,2012-09-06,ROS,,,,,
700,2012-09-07,ROS,,,,,
701,2012-09-10,ROS,,,,,
702,2012-09-11,ROS,,,,,
703,2012-09-12,ROS,,,,,
704,2012-09-13,ROS,,,,,
705,2012-09-14,ROS,,,,,
706,2012-09-17,ROS,,,,,
707,2012-09-18,ROS,,,,,
708,2012-09-19,ROS,,,,,
709,2012-09-20,ROS,,,,,
710,2012-09-21,ROS,,,,,
711,2012-09-24,ROS,,,,,
712,2012-09-25,ROS,,,,,
713,2012-09-26,ROS,,,,,
714,2012-09-27,ROS,,,,,
715,2012-09-28,ROS,,,,,
716,2012-10-01,ROS,,,,,
717,2012-10-02,ROS,,,,,
718,2012-10-03,ROS,,,,,
719,2012-10-04,ROS,,,,,
720,2012-10-05,ROS,,,,,
721,2012-10-08,ROS,,,,,
722,2012-10-09,ROS,,,,,
723,2012-10-10,ROS,,,,,
724,2012-10-11,ROS,,,,,
725,2012-10-12,ROS,,,,,
726,2012-10-15,ROS,,,,,
727,2012-10-16,ROS,,,,,
728,2012-10-17,ROS,,,,,
729,2012-10-18,ROS,,,,,
730,2012-10-19,ROS,,,,,
731,2012-10-22,ROS,,,,,
732,2012-10-23,ROS,,,,,
733,2012-10-24,ROS,,,,,
734,2012-10-25,ROS,,,,,
735,2012-10-26,ROS,,,,,
736,2012-10-29,ROS,,,,,
737,2012-10-30,ROS,,,,,
738,2012-10-31,ROS,,,,,
739,2012-11-01,ROS,,,,,
740,2012-11-02,ROS,,,,,
741,2012-11-05,ROS,,,,,
742,2012-11-06,ROS,,,,,
743,2012-11-07,ROS,,,,,
744,2012-11-08,ROS,,,,,
745,2012-11-09,ROS,,,,,
746,2012-11-12,ROS,,,,,
747,2012-11-13,ROS,,,,,
748,2012-11-14,ROS,,,,,
749,2012-11-15,ROS,,,,,
750,2012-11-16,ROS,,,,,
751,2012-11-19,ROS,,,,,
752,2012-11-20,ROS,,,,,
753,2012-11-21,ROS,,,,,
754,2012-11-22,ROS,,,,,
755,2012-11-23,ROS,,,,,
756,2012-11-26,ROS,,,,,
757,2012-11-27,ROS,,,,,
758,2012-11-28,ROS,,,,,
759,2012-11-29,ROS,,,,,
760,2012-11-30,ROS,,,,,
761,2012-12-03,ROS,,,,,
762,2012-12-04,ROS,,,,,
763,2012-12-05,ROS,,,,,
764,2012-12-06,ROS,,,,,
765,2012-12-07,ROS,,,,,
766,2012-12-10,ROS,,,,,
767,2012-12-11,ROS,,,,,
768,2012-12-12,ROS,,,,,
769,2012-12-13,ROS,,,,,
770,2012-12-14,ROS,,,,,
771,2012-12-17,ROS,,,,,
772,2012-12-18,ROS,,,,,
773,2012-12-19,ROS,,,,,
774,2012-12-20,ROS,,,,,
775,2012-12-21,ROS,,,,,
776,2012-12-24,ROS,,,,,
777,2012-12-25,ROS,,,,,
778,2012-12-26,ROS,,,,,
779,2012-12-27,ROS,,,,,
780,2012-12-28,ROS,,,,,
781,2012-12-31,ROS,,,,,
782,2013-01-01,ROS,,,,,
783,2013-01-02,ROS,,,,,
784,2013-01-03,ROS,,,,,
785,2013-01-04,ROS,,,,,
786,2013-01-07,ROS,,,,,
787,2013-01-08,ROS,,,,,
788,2013-01-09,ROS,,,,,
789,2013-01-10,ROS,,,,,
790,2013-01-11,ROS,,,,,
791,2013-01-14,ROS,,,,,
792,2013-01-15,ROS,,,,,
793,2013-01-16,ROS,,,,,
794,2013-01-17,ROS,,,,,
795,2013-01-18,ROS,,,,,
796,2013-01-21,ROS,,,,,
797,2013-01-22,ROS,,,,,
798,2013-01-23,ROS,,,,,
799,2013-01-24,ROS,,,,,
800,2013-01-25,ROS,,,,,
801,2013-01-28,ROS,,,,,
802,2013-01-29,ROS,,,,,
803,2013-01-30,ROS,,,,,
804,2013-01-31,ROS,,,,,
805,2013-02-01,ROS,,,,,
806,2013-02-04,ROS,,,,,
807,2013-02-05,ROS,,,,,
808,2013-02-06,ROS,,,,,
809,2013-02-07,ROS,,,,,
810,2013-02-08,ROS,,,,,
811,2013-02-11,ROS,,,,,
812,2013-02-12,ROS,,,,,
813,2013-02-13,ROS,,,,,
814,2013-02-14,ROS,,,,,
815,2013-02-15,ROS,,,,,
816,2013-02-18,ROS,,,,,
817,2013-02-19,ROS,,,,,
818,2013-02-20,ROS,,,,,
819,2013-02-21,ROS,,,,,
820,2013-02-22,ROS,,,,,
821,2013-02-25,ROS,,,,,
822,2013-02-26,ROS,,,,,
823,2013-02-27,ROS,,,,,
824,2013-02-28,ROS,,,,,
825,2013-03-01,ROS,,,,,
826,2013-03-04,ROS,,,,,
827,2013-03-05,ROS,,,,,
828,2013-03-06,ROS,,,,,
829,2013-03-07,ROS,,,,,
830,2013-03-08,ROS,,,,,
831,2013-03-11,ROS,,,,,
832,2013-03-12,ROS,,,,,
833,2013-03-13,ROS,,,,,
834,2013-03-14,ROS,,,,,
835,2013-03-15,ROS,,,,,
836,2013-03-18,ROS,,,,,
837,2013-03-19,ROS,,,,,
838,2013-03-20,ROS,,,,,
839,2013-03-21,ROS,,,,,
840,2013-03-22,ROS,,,,,
841,2013-03-25,ROS,,,,,
842,2013-03-26,ROS,,,,,
843,2013-03-27,ROS,,,,,
844,2013-03-28,ROS,,,,,
845,2013-03-29,ROS,,,,,
846,2013-04-01,ROS,,,,,
847,2013-04-02,ROS,,,,,
848,2013-04-03,ROS,,,,,
849,2013-04-04,ROS,,,,,
850,2013-04-05,ROS,,,,,
851,2013-04-08,ROS,,,,,
852,2013-04-09,ROS,,,,,
853,2013-04-10,ROS,,,,,
854,2013-04-11,ROS,,,,,
855,2013-04-12,ROS,,,,,
856,2013-04-15,ROS,,,,,
857,2013-04-16,ROS,,,,,
858,2013-04-17,ROS,,,,,
859,2013-04-18,ROS,,,,,
860,2013-04-19,ROS,,,,,
861,2013-04-22,ROS,,,,,
862,2013-04-23,ROS,,,,,
863,2013-04-24,ROS,,,,,
864,2013-04-25,ROS,,,,,
865,2013-04-26,ROS,,,,,
866,2013-04-29,ROS,,,,,
867,2013-04-30,ROS,,,,,
868,2013-05-01,ROS,,,,,
869,2013-05-02,ROS,,,,,
870,2013-05-03,ROS,,,,,
871,2013-05-06,ROS,,,,,
872,2013-05-07,ROS,,,,,
873,2013-05-08,ROS,,,,,
874,2013-05-09,ROS,,,,,
875,2013-05-10,ROS,,,,,
876,2013-05-13,ROS,,,,,
877,2013-05-14,ROS,,,,,
878,2013-05-15,ROS,,,,,
879,2013-05-16,ROS,,,,,
880,2013-05-17,ROS,,,,,
881,2013-05-20,ROS,,,,,
882,2013-05-21,ROS,,,,,
883,2013-05-22,ROS,,,,,
884,2013-05-23,ROS,,,,,
885,2013-05-24,ROS,,,,,
886,2013-05-27,ROS,,,,,
887,2013-05-28,ROS,,,,,
888,2013-05-29,ROS,,,,,
889,2013-05-30,ROS,,,,,
890,2013-05-31,ROS,,,,,
891,2013-06-03,ROS,,,,,
892,2013-06-04,ROS,,,,,
893,2013-06-05,ROS,,,,,
894,2013-06-06,ROS,,,,,
895,2013-06-07,ROS,,,,,
896,2013-06-10,ROS,,,,,
897,2013-06-11,ROS,,,,,
898,2013-06-12,ROS,,,,,
899,2013-06-13,ROS,,,,,
900,2013-06-14,ROS,,,,,
901,2013-06-17,ROS,,,,,
902,2013-06-18,ROS,,,,,
903,2013-06-19,ROS,,,,,
904,2013-06-20,ROS,,,,,
905,2013-06-21,ROS,,,,,
906,2013-06-24,ROS,,,,,
907,2013-06-25,ROS,,,,,
908,2013-06-26,ROS,,,,,
909,2013-06-27,ROS,,,,,
910,2013-06-28,ROS,,,,,
911,2013-07-01,ROS,,,,,
912,2013-07-02,ROS,,,,,
913,2013-07-03,ROS,,,,,
914,2013-07-04,ROS,,,,,
915,2013-07-05,ROS,,,,,
916,2013-07-08,ROS,,,,,
917,2013-07-09,ROS,,,,,
918,2013-07-10,ROS,,,,,
919,2013-07-11,ROS,,,,,
920,2013-07-12,ROS,,,,,
921,2013-07-15,ROS,,,,,
922,2013-07-16,ROS,,,,,
923,2013-07-17,ROS,,,,,
924,2013-07-18,ROS,,,,,
925,2013-07-19,ROS,,,,,
926,2013-07-22,ROS,,,,,
927,2013-07-23,ROS,,,,,
928,2013-07-24,ROS,,,,,
929,2013-07-25,ROS,,,,,
930,2013-07-26,ROS,,,,,
931,2013-07-29,ROS,,,,,
932,2013-07-30,ROS,,,,,
933,2013-07-31,ROS,,,,,
934,2013-08-01,ROS,,,,,
935,2013-08-02,ROS,,,,,
936,2013-08-05,ROS,,,,,
937,2013-08-06,ROS,,,,,
938,2013-08-07,ROS,,,,,
939,2013-08-08,ROS,,,,,
940,2013-08-09,ROS,,,,,
941,2013-08-12,ROS,,,,,
942,2013-08-13,ROS,,,,,
943,2013-08-14,ROS,,,,,
944,2013-08-15,ROS,,,,,
945,2013-08-16,ROS,,,,,
946,2013-08-19,ROS,,,,,
947,2013-08-20,ROS,,,,,
948,2013-08-21,ROS,,,,,
949,2013-08-22,ROS,,,,,
950,2013-08-23,ROS,,,,,
951,2013-08-26,ROS,,,,,
952,2013-08-27,ROS,,,,,
953,2013-08-28,ROS,,,,,
954,2013-08-29,ROS,,,,,
955,2013-08-30,ROS,,,,,
956,2013-09-02,ROS,,,,,
957,2013-09-03,ROS,,,,,
958,2013-09-04,ROS,,,,,
959,2013-09-05,ROS,,,,,
960,2013-09-06,ROS,,,,,
961,2013-09-09,ROS,,,,,
962,2013-09-10,ROS,,,,,
963,2013-09-11,ROS,,,,,
964,2013-09-12,ROS,,,,,
965,2013-09-13,ROS,,,,,
966,2013-09-16,ROS,,,,,
967,2013-09-17,ROS,,,,,
968,2013-09-18,ROS,,,,,
969,2013-09-19,ROS,,,,,
970,2013-09-20,ROS,,,,,
971,2013-09-23,ROS,,,,,
972,2013-09-24,ROS,,,,,
973,2013-09-25,ROS,,,,,
974,2013-09-26,ROS,,,,,
975,2013-09-27,ROS,,,,,
976,2013-09-30,ROS,,,,,
977,2013-10-01,ROS,,,,,
978,2013-10-02,ROS,,,,,
979,2013-10-03,ROS,,,,,
980,2013-10-04,ROS,,,,,
981,2013-10-07,ROS,,,,,
982,2013-10-08,ROS,,,,,
983,2013-10-09,ROS,,,,,
984,2013-10-10,ROS,,,,,
985,2013-10-11,ROS,,,,,
986,2013-10-14,ROS,,,,,
987,2013-10-15,ROS,,,,,
988,2013-10-16,ROS,,,,,
989,2013-10-17,ROS,,,,,
990,2013-10-18,ROS,,,,,
991,2013-10-21,ROS,,,,,
992,2013-10-22,ROS,,,,,
993,2013-10-23,ROS,,,,,
994,2013-10-24,ROS,,,,,
995,2013-10-25,ROS,,,,,
996,2013-10-28,ROS,,,,,
997,2013-10-29,ROS,,,,,
998,2013-10-30,ROS,,,,,
999,2013-10-31,ROS,,,,,
1000,2013-11-01,ROS,,,,,
1001,2013-11-04,ROS,,,,,
1002,2013-11-05,ROS,,,,,
1003,2013-11-06,ROS,,,,,
1004,2013-11-07,ROS,,,,,
1005,2013-11-08,ROS,,,,,
1006,2013-11-11,ROS,,,,,
1007,2013-11-12,ROS,,,,,
1008,2013-11-13,ROS,,,,,
1009,2013-11-14,ROS,,,,,
1010,2013-11-15,ROS,,,,,
1011,2013-11-18,ROS,,,,,
1012,2013-11-19,ROS,,,,,
1013,2013-11-20,ROS,,,,,
1014,2013-11-21,ROS,,,,,
1015,2013-11-22,ROS,,,,,
1016,2013-11-25,ROS,,,,,
1017,2013-11-26,ROS,,,,,
1018,2013-11-27,ROS,,,,,
1019,2013-11-28,ROS,,,,,
1020,2013-11-29,ROS,,,,,
1021,2013-12-02,ROS,,,,,
1022,2013-12-03,ROS,,,,,
1023,2013-12-04,ROS,,,,,
1024,2013-12-05,ROS,,,,,
1025,2013-12-06,ROS,,,,,
1026,2013-12-09,ROS,,,,,
1027,2013-12-10,ROS,,,,,
1028,2013-12-11,ROS,,,,,
1029,2013-12-12,ROS,,,,,
1030,2013-12-13,ROS,,,,,
1031,2013-12-16,ROS,,,,,
1032,2013-12-17,ROS,,,,,
1033,2013-12-18,ROS,,,,,
1034,2013-12-19,ROS,,,,,
1035,2013-12-20,ROS,,,,,
1036,2013-12-23,ROS,,,,,
1037,2013-12-24,ROS,,,,,
1038,2013-12-25,ROS,,,,,
1039,2013-12-26,ROS,,,,,
1040,2013-12-27,ROS,,,,,
1041,2013-12-30,ROS,,,,,
1042,2013-12-31,ROS,,,,,
1043,2014-01-01,ROS,,,,,
1044,2014-01-02,ROS,,,,,
1045,2014-01-03,ROS,,,,,
1046,2014-01-06,ROS,,,,,
1047,2014-01-07,ROS,,,,,
1048,2014-01-08,ROS,,,,,
1049,2014-01-09,ROS,,,,,
1050,2014-01-10,ROS,,,,,
1051,2014-01-13,ROS,,,,,
1052,2014-01-14,ROS,,,,,
1053,2014-01-15,ROS,,,,,
1054,2014-01-16,ROS,,,,,
1055,2014-01-17,ROS,,,,,
1056,2014-01-20,ROS,,,,,
1057,2014-01-21,ROS,,,,,
1058,2014-01-22,ROS,,,,,
1059,2014-01-23,ROS,,,,,
1060,2014-01-24,ROS,,,,,
1061,2014-01-27,ROS,,,,,
1062,2014-01-28,ROS,,,,,
1063,2014-01-29,ROS,,,,,
1064,2014-01-30,ROS,,,,,
1065,2014-01-31,ROS,,,,,
1066,2014-02-03,ROS,,,,,
1067,2014-02-04,ROS,,,,,
1068,2014-02-05,ROS,,,,,
1069,2014-02-06,ROS,,,,,
1070,2014-02-07,ROS,,,,,
1071,2014-02-10,ROS,,,,,
1072,2014-02-11,ROS,,,,,
1073,2014-02-12,ROS,,,,,
1074,2014-02-13,ROS,,,,,
1075,2014-02-14,ROS,,,,,
1076,2014-02-17,ROS,,,,,
1077,2014-02-18,ROS,,,,,
1078,2014-02-19,ROS,,,,,
1079,2014-02-20,ROS,,,,,
1080,2014-02-21,ROS,,,,,
1081,2014-02-24,ROS,,,,,
1082,2014-02-25,ROS,,,,,
1083,2014-02-26,ROS,,,,,
1084,2014-02-27,ROS,,,,,
1085,2014-02-28,ROS,,,,,
1086,2014-03-03,ROS,,,,,
1087,2014-03-04,ROS,,,,,
1088,2014-03-05,ROS,,,,,
1089,2014-03-06,ROS,,,,,
1090,2014-03-07,ROS,,,,,
1091,2014-03-10,ROS,,,,,
1092,2014-03-11,ROS,,,,,
1093,2014-03-12,ROS,,,,,
1094,2014-03-13,ROS,,,,,
1095,2014-03-14,ROS,,,,,
1096,2014-03-17,ROS,,,,,
1097,2014-03-18,ROS,,,,,
1098,2014-03-19,ROS,,,,,
1099,2014-03-20,ROS,,,,,
1100,2014-03-21,ROS,,,,,
1101,2014-03-24,ROS,,,,,
1102,2014-03-25,ROS,,,,,
1103,2014-03-26,ROS,,,,,
1104,2014-03-27,ROS,,,,,
1105,2014-03-28,ROS,,,,,
1106,2014-03-31,ROS,,,,,
1107,2014-04-01,ROS,,,,,
1108,2014-04-02,ROS,,,,,
1109,2014-04-03,ROS,,,,,
1110,2014-04-04,ROS,,,,,
1111,2014-04-07,ROS,,,,,
1112,2014-04-08,ROS,,,,,
1113,2014-04-09,ROS,,,,,
1114,2014-04-10,ROS,,,,,
1115,2014-04-11,ROS,,,,,
1116,2014-04-14,ROS,,,,,
1117,2014-04-15,ROS,,,,,
1118,2014-04-16,ROS,,,,,
1119,2014-04-17,ROS,,,,,
1120,2014-04-18,ROS,,,,,
1121,2014-04-21,ROS,,,,,
1122,2014-04-22,ROS,,,,,
1123,2014-04-23,ROS,,,,,
1124,2014-04-24,ROS,,,,,
1125,2014-04-25,ROS,,,,,
1126,2014-04-28,ROS,,,,,
1127,2014-04-29,ROS,,,,,
1128,2014-04-30,ROS,,,,,
1129,2014-05-01,ROS,,,,,
1130,2014-05-02,ROS,,,,,
1131,2014-05-05,ROS,,,,,
1132,2014-05-06,ROS,,,,,
1133,2014-05-07,ROS,,,,,
1134,2014-05-08,ROS,,,,,
1135,2014-05-09,ROS,,,,,
1136,2014-05-12,ROS,,,,,
1137,2014-05-13,ROS,,,,,
1138,2014-05-14,ROS,,,,,
1139,2014-05-15,ROS,,,,,
1140,2014-05-16,ROS,,,,,
1141,2014-05-19,ROS,,,,,
1142,2014-05-20,ROS,,,,,
1143,2014-05-21,ROS,,,,,
1144,2014-05-22,ROS,,,,,
1145,2014-05-23,ROS,,,,,
1146,2014-05-26,ROS,,,,,
1147,2014-05-27,ROS,,,,,
1148,2014-05-28,ROS,,,,,
1149,2014-05-29,ROS,,,,,
1150,2014-05-30,ROS,,,,,
1151,2014-06-02,ROS,,,,,
1152,2014-06-03,ROS,,,,,
1153,2014-06-04,ROS,,,,,
1154,2014-06-05,ROS,,,,,
1155,2014-06-06,ROS,,,,,
1156,2014-06-09,ROS,,,,,
1157,2014-06-10,ROS,,,,,
1158,2014-06-11,ROS,,,,,
1159,2014-06-12,ROS,,,,,
1160,2014-06-13,ROS,,,,,
1161,2014-06-16,ROS,,,,,
1162,2014-06-17,ROS,,,,,
1163,2014-06-18,ROS,,,,,
1164,2014-06-19,ROS,,,,,
1165,2014-06-20,ROS,,,,,
1166,2014-06-23,ROS,,,,,
1167,2014-06-24,ROS,,,,,
1168,2014-06-25,ROS,,,,,
1169,2014-06-26,ROS,,,,,
1170,2014-06-27,ROS,,,,,
1171,2014-06-30,ROS,,,,,
1172,2014-07-01,ROS,,,,,
1173,2014-07-02,ROS,,,,,
1174,2014-07-03,ROS,,,,,
1175,2014-07-04,ROS,,,,,
1176,2014-07-07,ROS,,,,,
1177,2014-07-08,ROS,,,,,
1178,2014-07-09,ROS,,,,,
1179,2014-07-10,ROS,,,,,
1180,2014-07-11,ROS,,,,,
1181,2014-07-14,ROS,,,,,
1182,2014-07-15,ROS,,,,,
1183,2014-07-16,ROS,,,,,
1184,2014-07-17,ROS,,,,,
1185,2014-07-18,ROS,,,,,
1186,2014-07-21,ROS,,,,,
1187,2014-07-22,ROS,,,,,
1188,2014-07-23,ROS,,,,,
1189,2014-07-24,ROS,,,,,
1190,2014-07-25,ROS,,,,,
1191,2014-07-28,ROS,,,,,
1192,2014-07-29,ROS,,,,,
1193,2014-07-30,ROS,,,,,
1194,2014-07-31,ROS,,,,,
1195,2014-08-01,ROS,,,,,
1196,2014-08-04,ROS,,,,,
1197,2014-08-05,ROS,,,,,
1198,2014-08-06,ROS,,,,,
1199,2014-08-07,ROS,,,,,
1200,2014-08-08,ROS,,,,,
1201,2014-08-11,ROS,,,,,
1202,2014-08-12,ROS,,,,,
1203,2014-08-13,ROS,,,,,
1204,2014-08-14,ROS,,,,,
1205,2014-08-15,ROS,,,,,
1206,2014-08-18,ROS,,,,,
1207,2014-08-19,ROS,,,,,
1208,2014-08-20,ROS,,,,,
1209,2014-08-21,ROS,,,,,
1210,2014-08-22,ROS,,,,,
1211,2014-08-25,ROS,,,,,
1212,2014-08-26,ROS,,,,,
1213,2014-08-27,ROS,,,,,
1214,2014-08-28,ROS,,,,,
1215,2014-08-29,ROS,,,,,
1216,2014-09-01,ROS,,,,,
1217,2014-09-02,ROS,,,,,
1218,2014-09-03,ROS,,,,,
1219,2014-09-04,ROS,,,,,
1220,2014-09-05,ROS,,,,,
1221,2014-09-08,ROS,,,,,
1222,2014-09-09,ROS,,,,,
1223,2014-09-10,ROS,,,,,
1224,2014-09-11,ROS,,,,,
1225,2014-09-12,ROS,,,,,
1226,2014-09-15,ROS,,,,,
1227,2014-09-16,ROS,,,,,
1228,2014-09-17,ROS,,,,,
1229,2014-09-18,ROS,,,,,
1230,2014-09-19,ROS,,,,,
1231,2014-09-22,ROS,,,,,
1232,2014-09-23,ROS,,,,,
1233,2014-09-24,ROS,,,,,
1234,2014-09-25,ROS,,,,,
1235,2014-09-26,ROS,,,,,
1236,2014-09-29,ROS,,,,,
1237,2014-09-30,ROS,,,,,
1238,2014-10-01,ROS,,,,,
1239,2014-10-02,ROS,,,,,
1240,2014-10-03,ROS,,,,,
1241,2014-10-06,ROS,,,,,
1242,2014-10-07,ROS,,,,,
1243,2014-10-08,ROS,,,,,
1244,2014-10-09,ROS,,,,,
1245,2014-10-10,ROS,,,,,
1246,2014-10-13,ROS,,,,,
1247,2014-10-14,ROS,,,,,
1248,2014-10-15,ROS,,,,,
1249,2014-10-16,ROS,,,,,
1250,2014-10-17,ROS,,,,,
1251,2014-10-20,ROS,,,,,
1252,2014-10-21,ROS,,,,,
1253,2014-10-22,ROS,,,,,
1254,2014-10-23,ROS,,,,,
1255,2014-10-24,ROS,,,,,
1256,2014-10-27,ROS,,,,,
1257,2014-10-28,ROS,,,,,
1258,2014-10-29,ROS,,,,,
1259,2014-10-30,ROS,,,,,
1260,2014-10-31,ROS,,,,,
1261,2014-11-03,ROS,,,,,
1262,2014-11-04,ROS,,,,,
1263,2014-11-05,ROS,,,,,
1264,2014-11-06,ROS,,,,,
1265,2014-11-07,ROS,,,,,
1266,2014-11-10,ROS,,,,,
1267,2014-11-11,ROS,,,,,
1268,2014-11-12,ROS,,,,,
1269,2014-11-13,ROS,,,,,
1270,2014-11-14,ROS,,,,,
1271,2014-11-17,ROS,,,,,
1272,2014-11-18,ROS,,,,,
1273,2014-11-19,ROS,,,,,
1274,2014-11-20,ROS,,,,,
1275,2014-11-21,ROS,,,,,
1276,2014-11-24,ROS,,,,,
1277,2014-11-25,ROS,,,,,
1278,2014-11-26,ROS,,,,,
1279,2014-11-27,ROS,,,,,
1280,2014-11-28,ROS,,,,,
1281,2014-12-01,ROS,,,,,
1282,2014-12-02,ROS,,,,,
1283,2014-12-03,ROS,,,,,
1284,2014-12-04,ROS,,,,,
1285,2014-12-05,ROS,,,,,
1286,2014-12-08,ROS,,,,,
1287,2014-12-09,ROS,,,,,
1288,2014-12-10,ROS,,,,,
1289,2014-12-11,ROS,,,,,
1290,2014-12-12,ROS,,,,,
1291,2014-12-15,ROS,,,,,
1292,2014-12-16,ROS,,,,,
1293,2014-12-17,ROS,,,,,
1294,2014-12-18,ROS,,,,,
1295,2014-12-19,ROS,,,,,
1296,2014-12-22,ROS,,,,,
1297,2014-12-23,ROS,,,,,
1298,2014-12-24,ROS,,,,,
1299,2014-12-25,ROS,,,,,
1300,2014-12-26,ROS,,,,,
1301,2014-12-29,ROS,,,,,
1302,2014-12-30,ROS,,,,,
1303,2014-12-31,ROS,,,,,
1304,2015-01-01,ROS,,,,,
1305,2015-01-02,ROS,,,,,
1306,2015-01-05,ROS,,,,,
1307,2015-01-06,ROS,,,,,
1308,2015-01-07,ROS,,,,,
1309,2015-01-08,ROS,,,,,
1310,2015-01-09,ROS,,,,,
1311,2015-01-12,ROS,,,,,
1312,2015-01-13,ROS,,,,,
1313,2015-01-14,ROS,,,,,
1314,2015-01-15,ROS,,,,,
1315,2015-01-16,ROS,,,,,
1316,2015-01-19,ROS,,,,,
1317,2015-01-20,ROS,,,,,
1318,2015-01-21,ROS,,,,,
1319,2015-01-22,ROS,,,,,
1320,2015-01-23,ROS,,,,,
1321,2015-01-26,ROS,,,,,
1322,2015-01-27,ROS,,,,,
1323,2015-01-28,ROS,,,,,
1324,2015-01-29,ROS,,,,,
1325,2015-01-30,ROS,,,,,
1326,2015-02-02,ROS,,,,,
1327,2015-02-03,ROS,,,,,
1328,2015-02-04,ROS,,,,,
1329,2015-02-05,ROS,,,,,
1330,2015-02-06,ROS,,,,,
1331,2015-02-09,ROS,,,,,
1332,2015-02-10,ROS,,,,,
1333,2015-02-11,ROS,,,,,
1334,2015-02-12,ROS,,,,,
1335,2015-02-13,ROS,,,,,
1336,2015-02-16,ROS,,,,,
1337,2015-02-17,ROS,,,,,
1338,2015-02-18,ROS,,,,,
1339,2015-02-19,ROS,,,,,
1340,2015-02-20,ROS,,,,,
1341,2015-02-23,ROS,,,,,
1342,2015-02-24,ROS,,,,,
1343,2015-02-25,ROS,,,,,
1344,2015-02-26,ROS,,,,,
1345,2015-02-27,ROS,,,,,
1346,2015-03-02,ROS,,,,,
1347,2015-03-03,ROS,,,,,
1348,2015-03-04,ROS,,,,,
1349,2015-03-05,ROS,,,,,
1350,2015-03-06,ROS,,,,,
1351,2015-03-09,ROS,,,,,
1352,2015-03-10,ROS,,,,,
1353,2015-03-11,ROS,,,,,
1354,2015-03-12,ROS,,,,,
1355,2015-03-13,ROS,,,,,
1356,2015-03-16,ROS,,,,,
1357,2015-03-17,ROS,,,,,
1358,2015-03-18,ROS,,,,,
1359,2015-03-19,ROS,,,,,
1360,2015-03-20,ROS,,,,,
1361,2015-03-23,ROS,,,,,
1362,2015-03-24,ROS,,,,,
1363,2015-03-25,ROS,,,,,
1364,2015-03-26,ROS,,,,,
1365,2015-03-27,ROS,,,,,
1366,2015-03-30,ROS,,,,,
1367,2015-03-31,ROS,,,,,
1368,2015-04-01,ROS,,,,,
1369,2015-04-02,ROS,,,,,
1370,2015-04-03,ROS,,,,,
1371,2015-04-06,ROS,,,,,
1372,2015-04-07,ROS,,,,,
1373,2015-04-08,ROS,,,,,
1374,2015-04-09,ROS,,,,,
1375,2015-04-10,ROS,,,,,
1376,2015-04-13,ROS,,,,,
1377,2015-04-14,ROS,,,,,
1378,2015-04-15,ROS,,,,,
1379,2015-04-16,ROS,,,,,
1380,2015-04-17,ROS,,,,,
1381,2015-04-20,ROS,,,,,
1382,2015-04-21,ROS,,,,,
1383,2015-04-22,ROS,,,,,
1384,2015-04-23,ROS,,,,,
1385,2015-04-24,ROS,,,,,
1386,2015-04-27,ROS,,,,,
1387,2015-04-28,ROS,,,,,
1388,2015-04-29,ROS,,,,,
1389,2015-04-30,ROS,,,,,
1390,2015-05-01,ROS,,,,,
1391,2015-05-04,ROS,,,,,
1392,2015-05-05,ROS,,,,,
1393,2015-05-06,ROS,,,,,
1394,2015-05-07,ROS,,,,,
1395,2015-05-08,ROS,,,,,
1396,2015-05-11,ROS,,,,,
1397,2015-05-12,ROS,,,,,
1398,2015-05-13,ROS,,,,,
1399,2015-05-14,ROS,,,,,
1400,2015-05-15,ROS,,,,,
1401,2015-05-18,ROS,,,,,
1402,2015-05-19,ROS,,,,,
1403,2015-05-20,ROS,,,,,
1404,2015-05-21,ROS,,,,,
1405,2015-05-22,ROS,,,,,
1406,2015-05-25,ROS,,,,,
1407,2015-05-26,ROS,,,,,
1408,2015-05-27,ROS,,,,,
1409,2015-05-28,ROS,,,,,
1410,2015-05-29,ROS,,,,,
1411,2015-06-01,ROS,,,,,
1412,2015-06-02,ROS,,,,,
1413,2015-06-03,ROS,,,,,
1414,2015-06-04,ROS,,,,,
1415,2015-06-05,ROS,,,,,
1416,2015-06-08,ROS,,,,,
1417,2015-06-09,ROS,,,,,
1418,2015-06-10,ROS,,,,,
1419,2015-06-11,ROS,,,,,
1420,2015-06-12,ROS,,,,,
1421,2015-06-15,ROS,,,,,
1422,2015-06-16,ROS,,,,,
1423,2015-06-17,ROS,,,,,
1424,2015-06-18,ROS,,,,,
1425,2015-06-19,ROS,,,,,
1426,2015-06-22,ROS,,,,,
1427,2015-06-23,ROS,,,,,
1428,2015-06-24,ROS,,,,,
1429,2015-06-25,ROS,,,,,
1430,2015-06-26,ROS,,,,,
1431,2015-06-29,ROS,,,,,
1432,2015-06-30,ROS,,,,,
1433,2015-07-01,ROS,,,,,
1434,2015-07-02,ROS,,,,,
1435,2015-07-03,ROS,,,,,
1436,2015-07-06,ROS,,,,,
1437,2015-07-07,ROS,,,,,
1438,2015-07-08,ROS,,,,,
1439,2015-07-09,ROS,,,,,
1440,2015-07-10,ROS,,,,,
1441,2015-07-13,ROS,,,,,
1442,2015-07-14,ROS,,,,,
1443,2015-07-15,ROS,,,,,
1444,2015-07-16,ROS,,,,,
1445,2015-07-17,ROS,,,,,
1446,2015-07-20,ROS,,,,,
1447,2015-07-21,ROS,,,,,
1448,2015-07-22,ROS,,,,,
1449,2015-07-23,ROS,,,,,
1450,2015-07-24,ROS,,,,,
1451,2015-07-27,ROS,,,,,
1452,2015-07-28,ROS,,,,,
1453,2015-07-29,ROS,,,,,
1454,2015-07-30,ROS,,,,,
1455,2015-07-31,ROS,,,,,
1456,2015-08-03,ROS,,,,,
1457,2015-08-04,ROS,,,,,
1458,2015-08-05,ROS,,,,,
1459,2015-08-06,ROS,,,,,
1460,2015-08-07,ROS,,,,,
1461,2015-08-10,ROS,,,,,
1462,2015-08-11,ROS,,,,,
1463,2015-08-12,ROS,,,,,
1464,2015-08-13,ROS,,,,,
1465,2015-08-14,ROS,,,,,
1466,2015-08-17,ROS,,,,,
1467,2015-08-18,ROS,,,,,
1468,2015-08-19,ROS,,,,,
1469,2015-08-20,ROS,,,,,
1470,2015-08-21,ROS,,,,,
1471,2015-08-24,ROS,,,,,
1472,2015-08-25,ROS,,,,,
1473,2015-08-26,ROS,,,,,
1474,2015-08-27,ROS,,,,,
1475,2015-08-28,ROS,,,,,
1476,2015-08-31,ROS,,,,,
1477,2015-09-01,ROS,,,,,
1478,2015-09-02,ROS,,,,,
1479,2015-09-03,ROS,,,,,
1480,2015-09-04,ROS,,,,,
1481,2015-09-07,ROS,,,,,
1482,2015-09-08,ROS,,,,,
1483,2015-09-09,ROS,,,,,
1484,2015-09-10,ROS,,,,,
1485,2015-09-11,ROS,,,,,
1486,2015-09-14,ROS,,,,,
1487,2015-09-15,ROS,,,,,
1488,2015-09-16,ROS,,,,,
1489,2015-09-17,ROS,,,,,
1490,2015-09-18,ROS,,,,,
1491,2015-09-21,ROS,,,,,
1492,2015-09-22,ROS,,,,,
1493,2015-09-23,ROS,,,,,
1494,2015-09-24,ROS,,,,,
1495,2015-09-25,ROS,,,,,
1496,2015-09-28,ROS,,,,,
1497,2015-09-29,ROS,,,,,
1498,2015-09-30,ROS,,,,,
1499,2015-10-01,ROS,,,,,
1500,2015-10-02,ROS,,,,,
1501,2015-10-05,ROS,,,,,
1502,2015-10-06,ROS,,,,,
1503,2015-10-07,ROS,,,,,
1504,2015-10-08,ROS,,,,,
1505,2015-10-09,ROS,,,,,
1506,2015-10-12,ROS,,,,,
1507,2015-10-13,ROS,,,,,
1508,2015-10-14,ROS,,,,,
1509,2015-10-15,ROS,,,,,
1510,2015-10-16,ROS,,,,,
1511,2015-10-19,ROS,,,,,
1512,2015-10-20,ROS,,,,,
1513,2015-10-21,ROS,,,,,
1514,2015-10-22,ROS,,,,,
1515,2015-10-23,ROS,,,,,
1516,2015-10-26,ROS,,,,,
1517,2015-10-27,ROS,,,,,
1518,2015-10-28,ROS,,,,,
1519,2015-10-29,ROS,,,,,
1520,2015-10-30,ROS,,,,,
1521,2015-11-02,ROS,,,,,
1522,2015-11-03,ROS,,,,,
1523,2015-11-04,ROS,,,,,
1524,2015-11-05,ROS,,,,,
1525,2015-11-06,ROS,,,,,
1526,2015-11-09,ROS,,,,,
1527,2015-11-10,ROS,,,,,
1528,2015-11-11,ROS,,,,,
1529,2015-11-12,ROS,,,,,
1530,2015-11-13,ROS,,,,,
1531,2015-11-16,ROS,,,,,
1532,2015-11-17,ROS,,,,,
1533,2015-11-18,ROS,,,,,
1534,2015-11-19,ROS,,,,,
1535,2015-11-20,ROS,,,,,
1536,2015-11-23,ROS,,,,,
1537,2015-11-24,ROS,,,,,
1538,2015-11-25,ROS,,,,,
1539,2015-11-26,ROS,,,,,
1540,2015-11-27,ROS,,,,,
1541,2015-11-30,ROS,,,,,
1542,2015-12-01,ROS,,,,,
1543,2015-12-02,ROS,,,,,
1544,2015-12-03,ROS,,,,,
1545,2015-12-04,ROS,,,,,
1546,2015-12-07,ROS,,,,,
1547,2015-12-08,ROS,,,,,
1548,2015-12-09,ROS,,,,,
1549,2015-12-10,ROS,,,,,
1550,2015-12-11,ROS,,,,,
1551,2015-12-14,ROS,,,,,
1552,2015-12-15,ROS,,,,,
1553,2015-12-16,ROS,,,,,
1554,2015-12-17,ROS,,,,,
1555,2015-12-18,ROS,,,,,
1556,2015-12-21,ROS,,,,,
1557,2015-12-22,ROS,,,,,
1558,2015-12-23,ROS,,,,,
1559,2015-12-24,ROS,,,,,
1560,2015-12-25,ROS,,,,,
1561,2015-12-28,ROS,,,,,
1562,2015-12-29,ROS,,,,,
1563,2015-12-30,ROS,,,,,
1564,2015-12-31,ROS,,,,,
1565,2016-01-01,ROS,,,,,
1566,2016-01-04,ROS,,,,,
1567,2016-01-05,ROS,,,,,
1568,2016-01-06,ROS,,,,,
1569,2016-01-07,ROS,,,,,
1570,2016-01-08,ROS,,,,,
1571,2016-01-11,ROS,,,,,
1572,2016-01-12,ROS,,,,,
1573,2016-01-13,ROS,,,,,
1574,2016-01-14,ROS,,,,,
1575,2016-01-15,ROS,,,,,
1576,2016-01-18,ROS,,,,,
1577,2016-01-19,ROS,,,,,
1578,2016-01-20,ROS,,,,,
1579,2016-01-21,ROS,,,,,
1580,2016-01-22,ROS,,,,,
1581,2016-01-25,ROS,,,,,
1582,2016-01-26,ROS,,,,,
1583,2016-01-27,ROS,,,,,
1584,2016-01-28,ROS,,,,,
1585,2016-01-29,ROS,,,,,
1586,2016-02-01,ROS,,,,,
1587,2016-02-02,ROS,,,,,
1588,2016-02-03,ROS,,,,,
1589,2016-02-04,ROS,,,,,
1590,2016-02-05,ROS,,,,,
1591,2016-02-08,ROS,,,,,
1592,2016-02-09,ROS,,,,,
1593,2016-02-10,ROS,,,,,
1594,2016-02-11,ROS,,,,,
1595,2016-02-12,ROS,,,,,
1596,2016-02-15,ROS,,,,,
1597,2016-02-16,ROS,,,,,
1598,2016-02-17,ROS,,,,,
1599,2016-02-18,ROS,,,,,
1600,2016-02-19,ROS,,,,,
1601,2016-02-22,ROS,,,,,
1602,2016-02-23,ROS,,,,,
1603,2016-02-24,ROS,,,,,
1604,2016-02-25,ROS,,,,,
1605,2016-02-26,ROS,,,,,
1606,2016-02-29,ROS,,,,,
1607,2016-03-01,ROS,,,,,
1608,2016-03-02,ROS,,,,,
1609,2016-03-03,ROS,,,,,
1610,2016-03-04,ROS,,,,,
1611,2016-03-07,ROS,,,,,
1612,2016-03-08,ROS,,,,,
1613,2016-03-09,ROS,,,,,
1614,2016-03-10,ROS,,,,,
1615,2016-03-11,ROS,,,,,
1616,2016-03-14,ROS,,,,,
1617,2016-03-15,ROS,,,,,
1618,2016-03-16,ROS,,,,,
1619,2016-03-17,ROS,,,,,
1620,2016-03-18,ROS,,,,,
1621,2016-03-21,ROS,,,,,
1622,2016-03-22,ROS,,,,,
1623,2016-03-23,ROS,,,,,
1624,2016-03-24,ROS,,,,,
1625,2016-03-25,ROS,,,,,
1626,2016-03-28,ROS,,,,,
1627,2016-03-29,ROS,,,,,
1628,2016-03-30,ROS,,,,,
1629,2016-03-31,ROS,,,,,
1630,2016-04-01,ROS,,,,,
1631,2016-04-04,ROS,,,,,
1632,2016-04-05,ROS,,,,,
1633,2016-04-06,ROS,,,,,
1634,2016-04-07,ROS,,,,,
1635,2016-04-08,ROS,,,,,
1636,2016-04-11,ROS,,,,,
1637,2016-04-12,ROS,,,,,
1638,2016-04-13,ROS,,,,,
1639,2016-04-14,ROS,,,,,
1640,2016-04-15,ROS,,,,,
1641,2016-04-18,ROS,,,,,
1642,2016-04-19,ROS,,,,,
1643,2016-04-20,ROS,,,,,
1644,2016-04-21,ROS,,,,,
1645,2016-04-22,ROS,,,,,
1646,2016-04-25,ROS,,,,,
1647,2016-04-26,ROS,,,,,
1648,2016-04-27,ROS,,,,,
1649,2016-04-28,ROS,,,,,
1650,2016-04-29,ROS,,,,,
1651,2016-05-02,ROS,,,,,
1652,2016-05-03,ROS,,,,,
1653,2016-05-04,ROS,,,,,
1654,2016-05-05,ROS,,,,,
1655,2016-05-06,ROS,,,,,
1656,2016-05-09,ROS,,,,,
1657,2016-05-10,ROS,,,,,
1658,2016-05-11,ROS,,,,,
1659,2016-05-12,ROS,,,,,
1660,2016-05-13,ROS,,,,,
1661,2016-05-16,ROS,,,,,
1662,2016-05-17,ROS,,,,,
1663,2016-05-18,ROS,,,,,
1664,2016-05-19,ROS,,,,,
1665,2016-05-20,ROS,,,,,
1666,2016-05-23,ROS,,,,,
1667,2016-05-24,ROS,,,,,
1668,2016-05-25,ROS,,,,,
1669,2016-05-26,ROS,,,,,
1670,2016-05-27,ROS,,,,,
1671,2016-05-30,ROS,,,,,
1672,2016-05-31,ROS,,,,,
1673,2016-06-01,ROS,,,,,
1674,2016-06-02,ROS,,,,,
1675,2016-06-03,ROS,,,,,
1676,2016-06-06,ROS,,,,,
1677,2016-06-07,ROS,,,,,
1678,2016-06-08,ROS,,,,,
1679,2016-06-09,ROS,,,,,
1680,2016-06-10,ROS,,,,,
1681,2016-06-13,ROS,,,,,
1682,2016-06-14,ROS,,,,,
1683,2016-06-15,ROS,,,,,
1684,2016-06-16,ROS,,,,,
1685,2016-06-17,ROS,,,,,
1686,2016-06-20,ROS,,,,,
1687,2016-06-21,ROS,,,,,
1688,2016-06-22,ROS,,,,,
1689,2016-06-23,ROS,,,,,
1690,2016-06-24,ROS,,,,,
1691,2016-06-27,ROS,,,,,
1692,2016-06-28,ROS,,,,,
1693,2016-06-29,ROS,,,,,
1694,2016-06-30,ROS,,,,,
1695,2016-07-01,ROS,,,,,
1696,2016-07-04,ROS,,,,,
1697,2016-07-05,ROS,,,,,
1698,2016-07-06,ROS,,,,,
1699,2016-07-07,ROS,,,,,
1700,2016-07-08,ROS,,,,,
1701,2016-07-11,ROS,,,,,
1702,2016-07-12,ROS,,,,,
1703,2016-07-13,ROS,,,,,
1704,2016-07-14,ROS,,,,,
1705,2016-07-15,ROS,,,,,
1706,2016-07-18,ROS,,,,,
1707,2016-07-19,ROS,,,,,
1708,2016-07-20,ROS,,,,,
1709,2016-07-21,ROS,,,,,
1710,2016-07-22,ROS,,,,,
1711,2016-07-25,ROS,,,,,
1712,2016-07-26,ROS,,,,,
1713,2016-07-27,ROS,,,,,
1714,2016-07-28,ROS,,,,,
1715,2016-07-29,ROS,,,,,
1716,2016-08-01,ROS,,,,,
1717,2016-08-02,ROS,,,,,
1718,2016-08-03,ROS,,,,,
1719,2016-08-04,ROS,,,,,
1720,2016-08-05,ROS,,,,,
1721,2016-08-08,ROS,,,,,
1722,2016-08-09,ROS,,,,,
1723,2016-08-10,ROS,,,,,
1724,2016-08-11,ROS,,,,,
1725,2016-08-12,ROS,,,,,
1726,2016-08-15,ROS,,,,,
1727,2016-08-16,ROS,,,,,
1728,2016-08-17,ROS,,,,,
1729,2016-08-18,ROS,,,,,
1730,2016-08-19,ROS,,,,,
1731,2016-08-22,ROS,,,,,
1732,2016-08-23,ROS,,,,,
1733,2016-08-24,ROS,,,,,
1734,2016-08-25,ROS,,,,,
1735,2016-08-26,ROS,,,,,
1736,2016-08-29,ROS,,,,,
1737,2016-08-30,ROS,,,,,
1738,2016-08-31,ROS,,,,,
1739,2016-09-01,ROS,8.4,12.6,8.4,12.6,15300.0
1740,2016-09-02,ROS,,,,,
1741,2016-09-05,ROS,13.4,13.4,13.4,13.4,34100.0
1742,2016-09-06,ROS,14.3,14.3,14.2,14.3,86590.0
1743,2016-09-07,ROS,15.3,15.3,15.3,15.3,73670.0
1744,2016-09-08,ROS,16.3,16.3,16.3,16.3,153431.0
1745,2016-09-09,ROS,17.4,17.4,17.4,17.4,129231.0
1746,2016-09-12,ROS,18.6,18.6,18.6,18.6,101585.0
1747,2016-09-13,ROS,19.9,19.9,19.8,19.9,118977.0
1748,2016-09-14,ROS,21.25,21.25,21.2,21.25,82564.0
1749,2016-09-15,ROS,22.7,22.7,21.9,22.7,162621.0
1750,2016-09-16,ROS,24.25,24.25,24.2,24.25,67275.0
1751,2016-09-19,ROS,25.9,25.9,25.85,25.9,80578.0
1752,2016-09-20,ROS,25.9,27.0,24.1,25.9,137148.0
1753,2016-09-21,ROS,25.9,26.0,24.1,25.9,74259.0
1754,2016-09-22,ROS,24.6,25.9,24.35,24.6,86748.0
1755,2016-09-23,ROS,23.1,26.3,23.1,25.0,59529.0
1756,2016-09-26,ROS,26.0,26.3,25.0,26.1,78739.0
1757,2016-09-27,ROS,26.1,27.9,26.1,27.9,57612.0
1758,2016-09-28,ROS,29.85,29.85,29.8,29.85,67121.0
1759,2016-09-29,ROS,30.25,31.9,30.25,31.9,114763.0
1760,2016-09-30,ROS,34.1,34.1,34.0,34.1,47107.0
1761,2016-10-03,ROS,36.45,36.45,36.4,36.45,70576.0
1762,2016-10-04,ROS,39.0,39.0,38.95,39.0,77962.0
1763,2016-10-05,ROS,41.65,41.7,39.5,41.7,119400.0
1764,2016-10-06,ROS,41.7,44.6,38.95,44.6,105930.0
1765,2016-10-07,ROS,44.1,46.0,41.65,44.45,126033.0
1766,2016-10-10,ROS,42.1,45.2,41.8,45.2,134699.0
1767,2016-10-11,ROS,48.3,48.35,48.3,48.35,108498.0
1768,2016-10-12,ROS,51.6,51.7,50.4,51.7,73143.0
1769,2016-10-13,ROS,51.7,51.8,48.1,50.1,155083.0
1770,2016-10-14,ROS,50.1,53.6,50.1,53.6,93658.0
1771,2016-10-17,ROS,53.6,57.3,53.5,57.3,66614.0
1772,2016-10-18,ROS,57.0,57.0,53.8,55.5,87133.0
1773,2016-10-19,ROS,57.0,59.3,55.0,59.3,133115.0
1774,2016-10-20,ROS,59.3,63.4,59.3,63.4,87093.0
1775,2016-10-21,ROS,63.0,67.8,59.4,67.8,112016.0
1776,2016-10-24,ROS,64.9,72.0,64.4,67.5,169669.0
1777,2016-10-25,ROS,68.0,72.2,68.0,72.2,95202.0
1778,2016-10-26,ROS,72.0,74.1,69.3,74.0,153665.0
1779,2016-10-27,ROS,73.0,79.1,68.9,79.1,312511.0
1780,2016-10-28,ROS,80.1,84.6,80.1,84.6,121281.0
1781,2016-10-31,ROS,86.0,89.7,81.0,86.3,189062.0
1782,2016-11-01,ROS,84.0,87.0,80.3,85.0,211635.0
1783,2016-11-02,ROS,86.4,90.9,86.0,90.9,176469.0
1784,2016-11-03,ROS,91.0,94.2,85.6,94.2,158590.0
1785,2016-11-04,ROS,91.0,94.0,87.7,90.0,220979.0
1786,2016-11-07,ROS,,,,,
1787,2016-11-08,ROS,97.9,102.0,94.1,100.1,162720.0
1788,2016-11-09,ROS,100.2,100.3,93.1,95.0,217567.0
1789,2016-11-10,ROS,97.5,101.6,96.0,101.6,169557.0
1790,2016-11-11,ROS,102.5,108.7,97.0,108.7,232557.0
1791,2016-11-14,ROS,106.0,116.3,105.0,116.2,273166.0
1792,2016-11-15,ROS,116.2,120.0,108.1,120.0,275783.0
1793,2016-11-16,ROS,118.0,119.4,111.6,113.0,261436.0
1794,2016-11-17,ROS,,,,,
1795,2016-11-18,ROS,119.0,124.0,112.5,124.0,325044.0
1796,2016-11-21,ROS,116.0,124.0,115.4,118.0,283189.0
1797,2016-11-22,ROS,118.1,126.0,118.1,125.2,241013.0
1798,2016-11-23,ROS,121.9,126.5,116.5,126.4,394676.0
1799,2016-11-24,ROS,126.4,126.4,117.6,118.0,291863.0
1800,2016-11-25,ROS,118.1,126.0,109.8,126.0,414175.0
1801,2016-11-28,ROS,120.1,127.0,117.2,127.0,380788.0
1802,2016-11-29,ROS,122.1,126.0,118.2,118.5,338542.0
1803,2016-11-30,ROS,119.0,125.0,119.0,125.0,214748.0
1804,2016-12-01,ROS,122.2,123.0,116.3,121.0,358089.0
1805,2016-12-02,ROS,121.1,125.0,112.6,124.1,445975.0
1806,2016-12-05,ROS,117.0,121.0,115.5,118.8,254728.0
1807,2016-12-06,ROS,119.0,119.1,110.5,111.1,321116.0
1808,2016-12-07,ROS,111.0,118.7,103.8,116.9,247974.0
1809,2016-12-08,ROS,116.9,117.0,108.8,111.2,224281.0
1810,2016-12-09,ROS,111.2,113.7,103.6,111.2,264177.0
1811,2016-12-12,ROS,111.1,111.6,103.5,108.0,319924.0
1812,2016-12-13,ROS,101.0,108.0,100.5,100.8,306833.0
1813,2016-12-14,ROS,100.2,103.6,100.2,103.2,217354.0
1814,2016-12-15,ROS,103.2,105.0,103.0,104.0,230380.0
1815,2016-12-16,ROS,104.0,105.2,103.8,105.1,225922.0
1816,2016-12-19,ROS,105.1,106.8,105.1,106.6,224668.0
1817,2016-12-20,ROS,106.9,107.6,106.8,107.5,264330.0
1818,2016-12-21,ROS,108.0,108.7,107.5,108.6,268766.0
1819,2016-12-22,ROS,109.0,109.5,108.6,109.4,234200.0
1820,2016-12-23,ROS,109.8,110.3,109.4,110.2,273104.0
1821,2016-12-26,ROS,110.2,111.0,110.0,110.9,165568.0
1822,2016-12-27,ROS,111.0,111.9,111.0,111.8,164378.0
1823,2016-12-28,ROS,111.9,112.8,111.8,112.7,141769.0
1824,2016-12-29,ROS,113.1,113.7,112.8,113.6,159869.0
1825,2016-12-30,ROS,113.7,114.8,113.7,114.7,217586.0
1826,2017-01-02,ROS,,,,,
1827,2017-01-03,ROS,115.5,115.9,114.8,115.8,173823.0
1828,2017-01-04,ROS,116.1,116.6,115.7,116.5,188121.0
1829,2017-01-05,ROS,116.8,117.5,116.5,117.4,157703.0
1830,2017-01-06,ROS,117.5,118.4,117.5,118.3,160186.0
1831,2017-01-09,ROS,118.3,118.4,117.8,118.3,237411.0
1832,2017-01-10,ROS,118.3,119.1,118.3,119.0,160143.0
1833,2017-01-11,ROS,119.1,120.1,119.0,120.0,173155.0
1834,2017-01-12,ROS,120.2,120.9,120.0,120.8,160421.0
1835,2017-01-13,ROS,120.9,121.9,120.9,121.8,164201.0
1836,2017-01-16,ROS,122.0,122.8,121.8,122.7,200779.0
1837,2017-01-17,ROS,122.9,123.8,122.8,123.7,156750.0
1838,2017-01-18,ROS,123.9,124.7,123.7,124.6,158295.0
1839,2017-01-19,ROS,124.8,125.6,124.7,125.5,205880.0
1840,2017-01-20,ROS,125.6,126.6,125.6,126.5,172876.0
1841,2017-01-23,ROS,126.7,127.6,126.6,127.5,159957.0
1842,2017-01-24,ROS,127.6,128.5,127.6,128.4,141339.0
1843,2017-01-25,ROS,128.5,129.6,128.5,129.5,181269.0
1844,2017-01-26,ROS,,,,,
1845,2017-01-27,ROS,,,,,
1846,2017-01-30,ROS,,,,,
1847,2017-01-31,ROS,,,,,
1848,2017-02-01,ROS,,,,,
1849,2017-02-02,ROS,129.6,130.5,129.6,130.4,151463.0
1850,2017-02-03,ROS,130.5,131.6,130.5,131.5,188762.0
1851,2017-02-06,ROS,131.6,132.5,131.6,132.4,215588.0
1852,2017-02-07,ROS,132.6,133.5,132.5,133.4,216577.0
1853,2017-02-08,ROS,133.5,134.4,133.5,134.3,176578.0
1854,2017-02-09,ROS,134.4,135.5,134.3,135.4,234841.0
1855,2017-02-10,ROS,135.6,136.5,135.5,136.4,273647.0
1856,2017-02-13,ROS,137.0,137.4,136.5,137.3,237735.0
1857,2017-02-14,ROS,138.0,138.6,137.3,138.5,262552.0
1858,2017-02-15,ROS,138.6,139.5,138.5,139.4,264960.0
1859,2017-02-16,ROS,139.6,140.5,139.4,140.4,258146.0
1860,2017-02-17,ROS,140.6,141.6,140.4,141.5,301876.0
1861,2017-02-20,ROS,141.8,142.6,141.5,142.5,286213.0
1862,2017-02-21,ROS,142.6,143.6,142.6,143.5,286701.0
1863,2017-02-22,ROS,143.8,144.7,143.6,144.6,302640.0
1864,2017-02-23,ROS,144.7,145.7,144.7,145.6,307669.0
1865,2017-02-24,ROS,145.7,146.8,145.6,146.7,321774.0
1866,2017-02-27,ROS,146.8,147.9,146.7,147.8,279415.0
1867,2017-02-28,ROS,148.1,149.0,147.8,148.9,307046.0
1868,2017-03-01,ROS,149.1,150.3,148.9,150.1,355272.0
1869,2017-03-02,ROS,150.4,151.5,150.1,151.4,296520.0
1870,2017-03-03,ROS,151.5,152.8,151.4,152.7,365758.0
1871,2017-03-06,ROS,160.0,163.3,154.8,163.3,412511.0
1872,2017-03-07,ROS,167.1,168.1,165.1,168.0,415137.0
1873,2017-03-08,ROS,164.1,167.1,164.0,167.0,448574.0
1874,2017-03-09,ROS,167.5,169.1,167.0,169.0,408818.0
1875,2017-03-10,ROS,169.2,171.3,169.1,171.2,376873.0
1876,2017-03-13,ROS,171.3,173.4,171.2,173.3,381533.0
1877,2017-03-14,ROS,173.9,175.6,173.3,175.5,401400.0
1878,2017-03-15,ROS,175.9,177.9,175.5,177.8,408083.0
1879,2017-03-16,ROS,168.0,175.0,168.0,172.1,563031.0
1880,2017-03-17,ROS,172.2,173.7,160.1,160.1,335099.0
1881,2017-03-20,ROS,150.0,153.0,150.0,151.5,589069.0
1882,2017-03-21,ROS,151.6,152.8,151.5,152.7,362356.0
1883,2017-03-22,ROS,153.0,154.1,152.7,154.0,387161.0
1884,2017-03-23,ROS,154.1,155.3,154.0,155.2,346158.0
1885,2017-03-24,ROS,155.3,156.6,155.3,156.5,356600.0
1886,2017-03-27,ROS,157.0,158.6,156.7,158.5,461255.0
1887,2017-03-28,ROS,158.9,160.4,158.7,160.3,284873.0
1888,2017-03-29,ROS,158.2,160.2,158.2,160.1,450147.0
1889,2017-03-30,ROS,160.3,162.2,160.2,162.1,393407.0
1890,2017-03-31,ROS,162.3,164.2,162.2,164.1,340690.0
1891,2017-04-03,ROS,165.0,166.3,164.3,166.2,528498.0
1892,2017-04-04,ROS,164.0,166.3,163.9,166.2,482279.0
1893,2017-04-05,ROS,166.3,167.8,166.3,167.7,327648.0
1894,2017-04-06,ROS,,,,,
1895,2017-04-07,ROS,168.1,169.4,167.8,169.3,447639.0
1896,2017-04-10,ROS,168.7,169.2,166.8,169.1,610609.0
1897,2017-04-11,ROS,169.2,170.6,169.1,170.5,317517.0
1898,2017-04-12,ROS,170.6,172.1,170.5,172.0,477712.0
1899,2017-04-13,ROS,169.2,172.1,169.1,172.0,740379.0
1900,2017-04-14,ROS,170.1,173.1,170.0,173.0,452369.0
1901,2017-04-17,ROS,171.6,174.1,166.0,166.1,754906.0
1902,2017-04-18,ROS,160.0,161.1,158.1,161.0,751952.0
1903,2017-04-19,ROS,161.1,161.6,159.0,161.5,437469.0
1904,2017-04-20,ROS,160.6,162.6,160.0,162.5,449439.0
1905,2017-04-21,ROS,162.5,163.1,160.1,163.0,860985.0
1906,2017-04-24,ROS,161.2,163.1,161.1,163.0,489175.0
1907,2017-04-25,ROS,163.0,164.1,161.6,164.0,490549.0
1908,2017-04-26,ROS,163.0,163.6,160.1,160.1,711393.0
1909,2017-04-27,ROS,160.0,161.1,158.1,161.0,472813.0
1910,2017-04-28,ROS,161.0,162.1,160.1,162.0,413257.0
1911,2017-05-01,ROS,,,,,
1912,2017-05-02,ROS,,,,,
1913,2017-05-03,ROS,160.1,160.6,157.1,160.5,740602.0
1914,2017-05-04,ROS,158.2,161.1,158.1,161.0,527151.0
1915,2017-05-05,ROS,159.0,161.6,158.6,161.5,499066.0
1916,2017-05-08,ROS,161.0,161.0,156.1,160.1,929244.0
1917,2017-05-09,ROS,160.1,160.3,156.2,160.2,529561.0
1918,2017-05-10,ROS,158.0,160.4,156.3,160.3,471668.0
1919,2017-05-11,ROS,156.7,160.5,156.4,160.4,978119.0
1920,2017-05-12,ROS,,,,,
1921,2017-05-15,ROS,157.3,160.2,156.1,160.1,591984.0
1922,2017-05-16,ROS,156.3,160.4,156.1,160.3,942328.0
1923,2017-05-17,ROS,,,,,
1924,2017-05-18,ROS,,,,,
1925,2017-05-19,ROS,,,,,
1926,2017-05-22,ROS,153.0,153.0,143.7,143.7,455270.0
1927,2017-05-23,ROS,133.7,137.0,133.7,133.7,407478.0
1928,2017-05-24,ROS,124.4,126.1,124.4,126.0,618842.0
1929,2017-05-25,ROS,126.1,127.6,126.0,127.5,525303.0
1930,2017-05-26,ROS,,,,,
1931,2017-05-29,ROS,,,,,
1932,2017-05-30,ROS,,,,,
1933,2017-05-31,ROS,130.6,132.1,130.5,132.0,530374.0
1934,2017-06-01,ROS,131.8,132.1,130.0,132.0,489534.0
1935,2017-06-02,ROS,,,,,
1936,2017-06-05,ROS,118.5,121.1,118.1,121.0,685177.0
1937,2017-06-06,ROS,,,,,
1938,2017-06-07,ROS,121.5,121.9,121.5,121.8,385722.0
1939,2017-06-08,ROS,113.3,113.3,113.3,113.3,9749.0
1940,2017-06-09,ROS,105.4,105.5,105.4,105.4,262842.0
1941,2017-06-12,ROS,112.7,112.7,112.6,112.7,107208.0
1942,2017-06-13,ROS,120.0,120.5,116.0,120.5,482599.0
1943,2017-06-14,ROS,120.5,124.0,112.1,112.1,312285.0
1944,2017-06-15,ROS,104.3,104.5,104.3,104.3,204098.0
1945,2017-06-16,ROS,,,,,
1946,2017-06-19,ROS,,,,,
1947,2017-06-20,ROS,84.0,90.2,84.0,84.3,410838.0
1948,2017-06-21,ROS,,,,,
1949,2017-06-22,ROS,87.5,87.5,85.2,85.3,126897.0
1950,2017-06-23,ROS,,,,,
1951,2017-06-26,ROS,86.0,87.0,85.7,86.5,228654.0
1952,2017-06-27,ROS,87.0,87.1,86.5,87.0,226801.0
1953,2017-06-28,ROS,,,,,
1954,2017-06-29,ROS,,,,,
1955,2017-06-30,ROS,,,,,
1956,2017-07-03,ROS,88.6,89.1,88.6,89.0,220230.0
1957,2017-07-04,ROS,82.8,82.8,80.9,81.5,255763.0
1958,2017-07-05,ROS,81.6,82.1,81.6,82.0,213424.0
1959,2017-07-06,ROS,,,,,
1960,2017-07-07,ROS,,,,,
1961,2017-07-10,ROS,83.1,83.6,83.1,83.5,292459.0
1962,2017-07-11,ROS,,,,,
1963,2017-07-12,ROS,84.3,84.6,84.1,84.5,221602.0
1964,2017-07-13,ROS,84.6,85.1,84.6,85.0,200246.0
1965,2017-07-14,ROS,,,,,
1966,2017-07-17,ROS,85.8,86.3,85.8,86.2,285114.0
1967,2017-07-18,ROS,86.5,87.1,86.5,87.0,231092.0
1968,2017-07-19,ROS,87.7,87.7,87.1,87.5,229472.0
1969,2017-07-20,ROS,,,,,
1970,2017-07-21,ROS,,,,,
1971,2017-07-24,ROS,88.6,89.1,88.6,89.0,284089.0
1972,2017-07-25,ROS,89.1,89.6,89.1,89.5,240241.0
1973,2017-07-26,ROS,89.9,90.1,89.6,90.0,260156.0
1974,2017-07-27,ROS,90.1,90.6,90.1,90.5,286369.0
1975,2017-07-28,ROS,,,,,
1976,2017-07-31,ROS,91.1,91.6,91.1,91.5,231051.0
1977,2017-08-01,ROS,91.6,92.1,91.6,92.0,211656.0
1978,2017-08-02,ROS,92.3,92.6,92.1,92.5,264509.0
1979,2017-08-03,ROS,92.7,93.2,92.6,93.0,243776.0
1980,2017-08-04,ROS,,,,,
1981,2017-08-07,ROS,93.6,94.1,93.6,94.0,227041.0
1982,2017-08-08,ROS,94.5,94.6,94.1,94.5,226997.0
1983,2017-08-09,ROS,94.7,95.1,94.6,95.0,362621.0
1984,2017-08-10,ROS,90.0,91.0,90.0,90.5,349101.0
1985,2017-08-11,ROS,,,,,
1986,2017-08-14,ROS,91.1,91.6,91.1,91.5,215117.0
1987,2017-08-15,ROS,91.7,92.1,91.6,92.0,198095.0
1988,2017-08-16,ROS,92.1,92.6,92.1,92.5,236955.0
1989,2017-08-17,ROS,92.6,93.1,92.6,93.0,219694.0
1990,2017-08-18,ROS,,,,,
1991,2017-08-21,ROS,93.7,94.1,93.6,94.0,345038.0
1992,2017-08-22,ROS,94.1,94.6,94.1,94.6,249426.0
1993,2017-08-23,ROS,94.7,95.3,94.7,95.3,233203.0
1994,2017-08-24,ROS,95.4,96.6,95.4,96.5,236432.0
1995,2017-08-25,ROS,97.0,98.1,96.6,98.0,279318.0
1996,2017-08-28,ROS,98.7,104.8,98.1,104.8,477350.0
1997,2017-08-29,ROS,106.0,106.1,104.9,106.0,316657.0
1998,2017-08-30,ROS,106.2,109.0,106.1,109.0,267984.0
1999,2017-08-31,ROS,109.4,111.1,109.1,111.0,497665.0
2000,2017-09-01,ROS,,,,,
2001,2017-09-04,ROS,,,,,
2002,2017-09-05,ROS,113.3,114.9,113.1,114.8,353456.0
2003,2017-09-06,ROS,115.0,116.9,114.9,116.8,506133.0
2004,2017-09-07,ROS,117.1,118.4,116.9,118.3,411825.0
2005,2017-09-08,ROS,,,,,
2006,2017-09-11,ROS,119.6,120.6,119.4,120.5,402781.0
2007,2017-09-12,ROS,120.6,120.8,112.4,114.0,540903.0
2008,2017-09-13,ROS,114.1,115.1,114.1,115.0,403527.0
2009,2017-09-14,ROS,115.2,116.2,115.1,116.1,409956.0
2010,2017-09-15,ROS,,,,,
2011,2017-09-18,ROS,117.1,117.9,117.1,117.8,228390.0
2012,2017-09-19,ROS,118.0,119.0,117.9,118.9,341582.0
2013,2017-09-20,ROS,119.1,119.7,119.0,119.6,299211.0
2014,2017-09-21,ROS,,,,,
2015,2017-09-22,ROS,,,,,
2016,2017-09-25,ROS,121.0,122.0,119.7,120.3,322511.0
2017,2017-09-26,ROS,120.9,120.9,111.9,112.9,346381.0
2018,2017-09-27,ROS,,,,,
2019,2017-09-28,ROS,,,,,
2020,2017-09-29,ROS,,,,,
2021,2017-10-02,ROS,107.2,107.9,107.2,107.8,161038.0
2022,2017-10-03,ROS,107.9,108.6,107.9,108.5,177909.0
2023,2017-10-04,ROS,108.5,109.3,108.5,109.2,146953.0
2024,2017-10-05,ROS,109.6,110.1,109.3,110.0,133789.0
2025,2017-10-06,ROS,,,,,
2026,2017-10-09,ROS,110.8,111.5,110.8,111.4,154496.0
2027,2017-10-10,ROS,111.7,112.2,111.5,112.1,144846.0
2028,2017-10-11,ROS,112.2,112.9,112.2,112.8,152654.0
2029,2017-10-12,ROS,112.9,113.5,112.9,113.4,174953.0
2030,2017-10-13,ROS,,,,,
2031,2017-10-16,ROS,114.3,115.0,114.3,114.9,154865.0
2032,2017-10-17,ROS,115.1,115.6,115.0,115.5,164613.0
2033,2017-10-18,ROS,115.6,123.5,115.6,123.5,216352.0
2034,2017-10-19,ROS,123.5,132.1,123.4,132.1,480732.0
2035,2017-10-20,ROS,,,,,
2036,2017-10-23,ROS,141.4,151.0,132.0,150.8,259865.0
2037,2017-10-24,ROS,142.1,161.3,142.1,161.3,158754.0
2038,2017-10-25,ROS,163.0,172.3,153.0,172.0,154324.0
2039,2017-10-26,ROS,163.0,184.0,163.0,183.4,149337.0
2040,2017-10-27,ROS,,,,,
2041,2017-10-30,ROS,196.0,209.7,188.0,209.7,67562.0
2042,2017-10-31,ROS,206.0,220.0,195.1,200.0,106337.0
2043,2017-11-01,ROS,200.0,214.0,200.0,214.0,146594.0
2044,2017-11-02,ROS,213.8,225.0,200.3,200.3,77638.0
2045,2017-11-03,ROS,,,,,
2046,2017-11-06,ROS,217.0,218.0,200.3,200.3,100384.0
2047,2017-11-07,ROS,208.0,213.9,190.0,200.6,86743.0
2048,2017-11-08,ROS,205.5,207.1,186.6,186.9,105355.0
2049,2017-11-09,ROS,186.9,187.0,173.9,174.2,120587.0
2050,2017-11-10,ROS,,,,,
2051,2017-11-13,ROS,175.0,179.5,174.0,176.1,98438.0
2052,2017-11-14,ROS,176.1,179.5,176.1,177.6,130685.0
2053,2017-11-15,ROS,178.0,179.9,177.6,179.0,67298.0
2054,2017-11-16,ROS,180.8,181.5,178.0,180.4,75573.0
2055,2017-11-17,ROS,,,,,
2056,2017-11-20,ROS,181.5,182.0,179.7,181.4,102499.0
2057,2017-11-21,ROS,181.4,182.9,181.4,182.7,90925.0
2058,2017-11-22,ROS,182.8,188.0,182.6,184.1,86956.0
2059,2017-11-23,ROS,185.0,187.0,184.1,185.3,77347.0
2060,2017-11-24,ROS,,,,,
2061,2017-11-27,ROS,186.3,187.8,186.3,187.7,91428.0
2062,2017-11-28,ROS,188.0,190.0,187.7,189.1,109528.0
2063,2017-11-29,ROS,176.3,180.0,176.1,176.2,169011.0
2064,2017-11-30,ROS,176.2,178.1,176.2,177.7,94655.0
2065,2017-12-01,ROS,,,,,
2066,2017-12-04,ROS,166.8,170.0,166.7,168.0,197350.0
2067,2017-12-05,ROS,168.0,168.9,156.3,157.5,133894.0
2068,2017-12-06,ROS,149.0,150.9,146.5,150.9,190296.0
2069,2017-12-07,ROS,,,,,
2070,2017-12-08,ROS,,,,,
2071,2017-12-11,ROS,142.9,147.9,142.9,144.2,149833.0
2072,2017-12-12,ROS,144.3,146.5,144.3,145.2,104206.0
2073,2017-12-13,ROS,146.0,146.3,145.2,146.2,131963.0
2074,2017-12-14,ROS,146.7,153.0,146.2,147.1,140594.0
2075,2017-12-15,ROS,,,,,
2076,2017-12-18,ROS,146.0,146.4,145.0,146.4,96996.0
2077,2017-12-19,ROS,,,,,
2078,2017-12-20,ROS,156.6,167.5,156.6,167.5,173262.0
2079,2017-12-21,ROS,167.5,170.3,160.1,160.3,331728.0
2080,2017-12-22,ROS,,,,,
2081,2017-12-25,ROS,162.0,163.6,162.0,163.5,145274.0
2082,2017-12-26,ROS,164.5,165.6,163.5,165.5,181375.0
2083,2017-12-27,ROS,165.5,167.9,165.5,167.3,159208.0
2084,2017-12-28,ROS,169.0,170.3,167.4,170.0,159109.0
2085,2017-12-29,ROS,,,,,
2086,2018-01-01,ROS,,,,,
2087,2018-01-02,ROS,,,,,
2088,2018-01-03,ROS,169.0,169.0,160.0,162.0,128238.0
2089,2018-01-04,ROS,165.0,165.0,162.3,164.0,111319.0
2090,2018-01-05,ROS,,,,,
2091,2018-01-08,ROS,166.0,167.5,161.0,167.2,102700.0
2092,2018-01-09,ROS,167.5,168.9,167.5,168.8,108279.0
2093,2018-01-10,ROS,169.1,170.1,161.0,162.5,170705.0
2094,2018-01-11,ROS,,,,,
2095,2018-01-12,ROS,,,,,
2096,2018-01-15,ROS,,,,,
2097,2018-01-16,ROS,,,,,
2098,2018-01-17,ROS,,,,,
2099,2018-01-18,ROS,,,,,
2100,2018-01-19,ROS,,,,,
2101,2018-01-22,ROS,,,,,
2102,2018-01-23,ROS,,,,,
2103,2018-01-24,ROS,,,,,
2104,2018-01-25,ROS,,,,,
2105,2018-01-26,ROS,,,,,
2106,2018-01-29,ROS,,,,,
2107,2018-01-30,ROS,,,,,
2108,2018-01-31,ROS,,,,,
2109,2018-02-01,ROS,,,,,
2110,2018-02-02,ROS,,,,,
2111,2018-02-05,ROS,161.0,163.0,161.0,162.9,144044.0
2112,2018-02-06,ROS,151.5,162.0,151.5,151.5,72711.0
2113,2018-02-07,ROS,,,,,
2114,2018-02-08,ROS,,,,,
2115,2018-02-09,ROS,,,,,
2116,2018-02-12,ROS,143.8,150.0,143.8,150.0,141657.0
2117,2018-02-13,ROS,,,,,
2118,2018-02-14,ROS,,,,,
2119,2018-02-15,ROS,,,,,
2120,2018-02-16,ROS,,,,,
2121,2018-02-19,ROS,,,,,
2122,2018-02-20,ROS,,,,,
2123,2018-02-21,ROS,,,,,
2124,2018-02-22,ROS,,,,,
2125,2018-02-23,ROS,,,,,
2126,2018-02-26,ROS,143.5,145.7,143.5,144.3,92937.0
2127,2018-02-27,ROS,146.0,146.5,137.0,144.4,89540.0
2128,2018-02-28,ROS,144.0,145.9,137.2,137.2,115605.0
2129,2018-03-01,ROS,141.9,141.9,137.4,139.8,127723.0
2130,2018-03-02,ROS,141.5,141.9,139.7,140.2,92564.0
2131,2018-03-05,ROS,141.9,142.0,135.6,139.0,86393.0
2132,2018-03-06,ROS,139.8,139.9,130.0,135.0,81430.0
2133,2018-03-07,ROS,135.0,143.5,134.8,139.0,82324.0
2134,2018-03-08,ROS,139.9,140.0,134.0,137.9,78769.0
2135,2018-03-09,ROS,138.2,140.0,136.0,138.7,102759.0
2136,2018-03-12,ROS,138.7,139.0,136.0,138.6,96374.0
2137,2018-03-13,ROS,138.6,139.0,135.5,138.6,104312.0
2138,2018-03-14,ROS,138.9,139.0,133.0,138.0,109698.0
2139,2018-03-15,ROS,138.0,138.3,136.5,136.8,105983.0
2140,2018-03-16,ROS,137.8,137.8,127.3,127.3,161510.0
2141,2018-03-19,ROS,136.2,136.2,136.2,136.2,50284.0
2142,2018-03-20,ROS,145.7,145.7,145.6,145.7,52618.0
2143,2018-03-21,ROS,139.0,155.8,135.6,155.8,169463.0
2144,2018-03-22,ROS,148.0,155.0,144.9,145.2,126623.0
2145,2018-03-23,ROS,145.2,145.2,135.1,135.1,135540.0
2146,2018-03-26,ROS,136.9,142.0,127.0,142.0,111146.0
2147,2018-03-27,ROS,142.5,145.0,142.3,144.0,91204.0
2148,2018-03-28,ROS,144.0,146.0,136.0,144.3,106528.0
2149,2018-03-29,ROS,144.3,144.9,134.2,134.7,126185.0
2150,2018-03-30,ROS,135.0,137.0,130.1,135.0,104145.0
2151,2018-04-02,ROS,135.4,144.4,125.6,144.4,200389.0
2152,2018-04-03,ROS,144.5,144.8,134.3,134.6,138344.0
2153,2018-04-04,ROS,135.0,138.0,134.5,135.0,82442.0
2154,2018-04-05,ROS,130.0,136.0,125.6,126.0,183736.0
2155,2018-04-06,ROS,126.4,132.0,126.3,132.0,112843.0
2156,2018-04-09,ROS,132.0,133.5,122.8,122.8,167305.0
2157,2018-04-10,ROS,122.8,124.4,114.3,115.2,157336.0
2158,2018-04-11,ROS,107.8,112.0,107.2,107.2,203609.0
2159,2018-04-12,ROS,100.0,104.9,99.7,100.0,125776.0
2160,2018-04-13,ROS,101.0,107.0,100.9,107.0,136362.0
2161,2018-04-16,ROS,105.0,105.0,99.6,100.2,160128.0
2162,2018-04-17,ROS,100.0,102.9,100.0,100.5,174837.0
2163,2018-04-18,ROS,100.5,102.0,93.8,93.8,136798.0
2164,2018-04-19,ROS,96.0,97.0,87.6,87.6,139923.0
2165,2018-04-20,ROS,89.5,89.5,82.1,89.3,97128.0
2166,2018-04-23,ROS,88.5,88.9,83.4,83.4,101795.0
2167,2018-04-24,ROS,80.0,85.0,78.0,80.1,64001.0
2168,2018-04-25,ROS,,,,,
2169,2018-04-26,ROS,80.4,82.5,80.4,80.4,72288.0
2170,2018-04-27,ROS,81.5,86.0,80.7,86.0,85774.0
2171,2018-04-30,ROS,,,,,
2172,2018-05-01,ROS,,,,,
2173,2018-05-02,ROS,87.0,87.0,81.4,81.4,56869.0
2174,2018-05-03,ROS,81.9,83.3,81.9,82.3,66650.0
2175,2018-05-04,ROS,73.3,73.3,73.3,73.3,19601.0
2176,2018-05-07,ROS,78.4,78.4,78.3,78.4,34937.0
2177,2018-05-08,ROS,83.6,83.8,76.0,83.8,110880.0
2178,2018-05-09,ROS,83.0,87.8,83.0,85.0,80781.0
2179,2018-05-10,ROS,84.0,86.5,79.1,81.9,87916.0
2180,2018-05-11,ROS,78.2,81.8,76.8,80.5,37701.0
2181,2018-05-14,ROS,80.8,81.9,80.8,81.5,60626.0
2182,2018-05-15,ROS,81.8,83.0,81.8,82.4,62138.0
2183,2018-05-16,ROS,82.0,82.5,80.0,80.0,38560.0
2184,2018-05-17,ROS,81.9,81.9,75.0,76.0,42760.0
2185,2018-05-18,ROS,,,,,
2186,2018-05-21,ROS,76.3,77.0,71.5,75.0,56686.0
2187,2018-05-22,ROS,75.0,75.4,69.9,71.9,81000.0
2188,2018-05-23,ROS,71.9,72.0,66.9,70.0,86838.0
2189,2018-05-24,ROS,70.0,70.4,65.1,65.1,99571.0
2190,2018-05-25,ROS,62.0,65.1,61.0,61.2,110293.0
2191,2018-05-28,ROS,58.7,61.2,57.0,57.0,62411.0
2192,2018-05-29,ROS,54.2,57.0,53.1,53.2,63499.0
2193,2018-05-30,ROS,55.5,56.8,52.0,56.8,32152.0
2194,2018-05-31,ROS,56.7,60.7,56.6,60.7,67167.0
2195,2018-06-01,ROS,60.7,62.9,60.0,61.0,49084.0
2196,2018-06-04,ROS,61.0,62.5,60.5,62.0,42023.0
2197,2018-06-05,ROS,62.0,63.0,61.0,62.7,36968.0
2198,2018-06-06,ROS,62.7,63.5,61.0,61.9,53586.0
2199,2018-06-07,ROS,62.0,62.5,60.5,61.6,55044.0
2200,2018-06-08,ROS,,,,,
2201,2018-06-11,ROS,65.0,65.2,63.0,65.2,86313.0
2202,2018-06-12,ROS,67.0,69.7,60.7,64.8,300909.0
2203,2018-06-13,ROS,66.0,66.0,60.3,62.0,240383.0
2204,2018-06-14,ROS,60.0,62.0,59.8,61.0,58454.0
2205,2018-06-15,ROS,59.9,60.7,56.8,56.8,276141.0
2206,2018-06-18,ROS,56.5,58.5,54.0,55.0,46050.0
2207,2018-06-19,ROS,54.0,54.0,51.2,51.2,63614.0
2208,2018-06-20,ROS,51.2,52.8,48.5,49.9,41967.0
2209,2018-06-21,ROS,51.0,51.0,46.5,46.5,51400.0
2210,2018-06-22,ROS,44.0,46.8,43.25,43.25,150171.0
2211,2018-06-25,ROS,46.25,46.25,46.0,46.25,97355.0
2212,2018-06-26,ROS,47.0,47.0,44.45,46.0,51989.0
2213,2018-06-27,ROS,45.0,45.8,42.95,42.95,44277.0
2214,2018-06-28,ROS,40.35,43.9,40.1,43.1,64132.0
2215,2018-06-29,ROS,43.0,43.3,40.2,43.0,60273.0
2216,2018-07-02,ROS,41.1,42.0,40.05,40.3,33846.0
2217,2018-07-03,ROS,40.1,40.9,37.6,40.1,85202.0
2218,2018-07-04,ROS,40.0,40.5,37.9,40.2,51023.0
2219,2018-07-05,ROS,40.2,40.6,38.0,40.6,64963.0
2220,2018-07-06,ROS,40.0,41.0,38.6,41.0,47762.0
2221,2018-07-09,ROS,39.8,41.5,39.8,41.4,51992.0
2222,2018-07-10,ROS,41.4,41.75,40.95,41.65,61848.0
2223,2018-07-11,ROS,40.7,41.6,40.2,40.5,40485.0
2224,2018-07-12,ROS,40.0,41.35,39.75,41.3,62585.0
2225,2018-07-13,ROS,41.5,44.15,41.5,44.15,96540.0
2226,2018-07-16,ROS,45.5,45.5,43.5,44.7,87545.0
2227,2018-07-17,ROS,43.8,44.95,43.5,44.9,60806.0
2228,2018-07-18,ROS,44.95,44.95,43.8,44.0,49837.0
2229,2018-07-19,ROS,44.0,44.5,43.5,44.0,99744.0
2230,2018-07-20,ROS,44.1,44.3,41.1,41.1,71666.0
2231,2018-07-23,ROS,,,,,
2232,2018-07-24,ROS,43.1,44.65,42.4,44.55,74178.0
2233,2018-07-25,ROS,44.5,44.5,42.0,43.0,34343.0
2234,2018-07-26,ROS,42.7,43.5,41.8,42.55,45165.0
2235,2018-07-27,ROS,42.55,43.2,41.7,42.5,32667.0
2236,2018-07-30,ROS,42.8,42.8,41.7,42.5,41408.0
2237,2018-07-31,ROS,41.9,42.7,41.7,42.6,31703.0
2238,2018-08-01,ROS,42.0,42.8,41.7,42.55,42828.0
2239,2018-08-02,ROS,41.95,42.6,41.2,42.0,24316.0
2240,2018-08-03,ROS,42.0,42.3,40.7,41.95,66350.0
2241,2018-08-06,ROS,41.2,42.1,41.0,41.5,73481.0
2242,2018-08-07,ROS,41.0,41.65,40.7,41.45,73766.0
2243,2018-08-08,ROS,41.0,41.5,40.7,41.3,68702.0
2244,2018-08-09,ROS,41.3,41.4,40.5,41.0,107394.0
2245,2018-08-10,ROS,40.0,41.75,40.0,41.5,84508.0
2246,2018-08-13,ROS,41.35,43.0,41.35,42.95,82138.0
2247,2018-08-14,ROS,43.0,44.0,42.2,43.95,117983.0
2248,2018-08-15,ROS,43.8,44.0,41.0,42.9,170224.0
2249,2018-08-16,ROS,41.4,42.7,40.95,42.0,116531.0
2250,2018-08-17,ROS,42.0,42.7,40.8,41.85,131663.0
2251,2018-08-20,ROS,41.85,41.95,40.7,41.75,110237.0
2252,2018-08-21,ROS,41.75,41.85,40.5,41.45,104317.0
2253,2018-08-22,ROS,41.45,42.95,41.0,42.9,117722.0
2254,2018-08-23,ROS,42.9,43.0,42.0,42.7,189565.0
2255,2018-08-24,ROS,42.0,42.5,40.95,41.9,207737.0
2256,2018-08-27,ROS,41.4,41.9,40.95,41.5,205563.0
2257,2018-08-28,ROS,41.5,43.0,40.95,43.0,137139.0
2258,2018-08-29,ROS,41.5,42.5,40.9,41.55,119299.0
2259,2018-08-30,ROS,41.2,41.4,40.8,41.2,129345.0
2260,2018-08-31,ROS,41.2,42.3,40.8,41.2,281110.0
2261,2018-09-03,ROS,,,,,
2262,2018-09-04,ROS,41.2,41.5,40.0,40.0,222479.0
2263,2018-09-05,ROS,40.0,41.3,40.0,40.65,132183.0
2264,2018-09-06,ROS,40.65,40.75,40.0,40.0,107567.0
2265,2018-09-07,ROS,40.0,40.5,40.0,40.25,131889.0
2266,2018-09-10,ROS,40.0,40.3,40.0,40.0,113320.0
2267,2018-09-11,ROS,40.2,40.4,40.0,40.25,113287.0
2268,2018-09-12,ROS,40.4,40.5,40.0,40.25,125601.0
2269,2018-09-13,ROS,40.3,40.4,40.0,40.2,186303.0
2270,2018-09-14,ROS,40.3,40.35,39.95,40.0,181090.0
2271,2018-09-17,ROS,40.0,40.3,39.95,40.0,106203.0
2272,2018-09-18,ROS,40.0,40.2,39.9,40.05,105615.0
2273,2018-09-19,ROS,40.05,40.15,39.9,40.05,180643.0
2274,2018-09-20,ROS,40.1,40.1,39.85,40.0,83475.0
2275,2018-09-21,ROS,40.0,40.15,39.8,40.0,162528.0
2276,2018-09-24,ROS,40.0,41.0,39.95,40.5,200606.0
2277,2018-09-25,ROS,40.95,40.95,40.5,40.7,128781.0
2278,2018-09-26,ROS,40.9,41.0,40.4,40.5,75699.0
2279,2018-09-27,ROS,40.7,40.85,40.0,40.45,129605.0
2280,2018-09-28,ROS,40.6,40.7,39.9,40.3,111746.0
2281,2018-10-01,ROS,40.35,40.4,39.85,40.3,117280.0
2282,2018-10-02,ROS,40.3,40.35,39.85,40.15,146724.0
2283,2018-10-03,ROS,40.15,40.25,39.85,40.1,173100.0
2284,2018-10-04,ROS,40.1,40.15,39.8,40.0,137641.0
2285,2018-10-05,ROS,39.85,40.15,39.65,40.0,62308.0
2286,2018-10-08,ROS,40.0,40.0,39.0,40.0,90564.0
2287,2018-10-09,ROS,39.9,40.0,38.8,40.0,95846.0
2288,2018-10-10,ROS,39.7,40.5,39.7,40.3,112640.0
2289,2018-10-11,ROS,39.8,40.0,37.75,40.0,193698.0
2290,2018-10-12,ROS,40.0,40.0,37.8,39.95,135743.0
2291,2018-10-15,ROS,39.95,40.0,37.8,40.0,133163.0
2292,2018-10-16,ROS,39.1,40.0,37.9,40.0,196293.0
2293,2018-10-17,ROS,39.5,39.9,37.8,38.5,195117.0
2294,2018-10-18,ROS,38.5,39.4,37.95,38.7,76817.0
2295,2018-10-19,ROS,38.0,38.9,37.8,38.6,88331.0
2296,2018-10-22,ROS,38.45,38.55,37.85,38.55,140096.0
2297,2018-10-23,ROS,37.9,38.3,36.5,37.95,88533.0
2298,2018-10-24,ROS,37.95,37.95,36.4,37.5,97978.0
2299,2018-10-25,ROS,35.15,37.5,35.15,37.5,156667.0
2300,2018-10-26,ROS,37.0,37.8,35.4,37.45,118601.0
2301,2018-10-29,ROS,37.0,37.4,35.45,37.2,108626.0
2302,2018-10-30,ROS,35.8,37.2,35.0,37.2,121587.0
2303,2018-10-31,ROS,37.2,38.4,35.4,38.15,138722.0
2304,2018-11-01,ROS,38.1,38.1,36.0,37.9,200708.0
2305,2018-11-02,ROS,36.9,38.95,35.6,38.85,196066.0
2306,2018-11-05,ROS,36.85,39.0,36.45,38.95,161855.0
2307,2018-11-06,ROS,38.4,38.85,36.95,38.55,248616.0
2308,2018-11-07,ROS,37.0,38.2,36.7,38.0,128861.0
2309,2018-11-08,ROS,38.0,38.0,36.7,37.7,138700.0
2310,2018-11-09,ROS,37.0,37.45,36.0,37.1,176958.0
2311,2018-11-12,ROS,36.15,37.2,35.35,37.05,134473.0
2312,2018-11-13,ROS,36.0,36.9,35.35,36.9,283147.0
2313,2018-11-14,ROS,36.9,36.9,35.9,36.85,154452.0
2314,2018-11-15,ROS,36.0,36.85,35.0,36.8,323991.0
2315,2018-11-16,ROS,36.0,36.7,35.4,36.6,113416.0
2316,2018-11-19,ROS,36.5,36.6,35.0,36.6,199023.0
2317,2018-11-20,ROS,35.6,36.6,35.0,36.55,294228.0
2318,2018-11-21,ROS,35.3,36.5,35.05,36.5,151199.0
2319,2018-11-22,ROS,36.5,36.5,35.15,36.45,301083.0
2320,2018-11-23,ROS,36.1,36.3,35.2,36.25,179699.0
2321,2018-11-26,ROS,35.5,36.2,35.15,36.2,186940.0
2322,2018-11-27,ROS,36.15,36.15,35.25,36.15,297965.0
2323,2018-11-28,ROS,36.15,36.15,35.3,36.15,218367.0
2324,2018-11-29,ROS,35.5,36.1,35.35,36.1,162430.0
2325,2018-11-30,ROS,35.4,36.0,35.3,36.0,227693.0
2326,2018-12-03,ROS,35.35,36.0,35.3,36.0,344058.0
2327,2018-12-04,ROS,35.45,36.1,35.3,36.1,233057.0
2328,2018-12-05,ROS,36.1,36.1,35.3,36.1,278148.0
2329,2018-12-06,ROS,36.0,36.05,35.25,36.05,355135.0
2330,2018-12-07,ROS,36.05,37.8,35.3,37.8,325771.0
2331,2018-12-10,ROS,37.0,37.5,36.2,37.5,244012.0
2332,2018-12-11,ROS,36.5,37.3,36.3,37.0,322446.0
2333,2018-12-12,ROS,36.8,36.9,36.2,36.85,288434.0
2334,2018-12-13,ROS,36.25,36.7,36.05,36.7,236548.0
2335,2018-12-14,ROS,36.0,36.4,35.8,36.4,335445.0
2336,2018-12-17,ROS,35.8,36.0,35.25,35.95,263726.0
2337,2018-12-18,ROS,35.25,35.6,35.0,35.5,188217.0
2338,2018-12-19,ROS,35.5,36.5,34.95,36.5,313123.0
2339,2018-12-20,ROS,35.55,36.8,35.0,36.8,391904.0
2340,2018-12-21,ROS,35.5,39.0,35.0,39.0,390286.0
2341,2018-12-24,ROS,37.6,41.7,36.95,41.7,374395.0
2342,2018-12-25,ROS,40.1,43.5,40.0,42.0,366964.0
2343,2018-12-26,ROS,42.0,42.1,39.1,39.3,337071.0
2344,2018-12-27,ROS,38.0,38.95,36.75,36.75,267248.0
2345,2018-12-28,ROS,35.4,39.0,34.85,38.7,354243.0
2346,2018-12-31,ROS,,,,,
2347,2019-01-01,ROS,,,,,
2348,2019-01-02,ROS,37.1,37.5,36.3,36.9,436682.0
2349,2019-01-03,ROS,36.0,36.5,34.95,36.5,313395.0
2350,2019-01-04,ROS,35.1,36.2,34.85,36.0,244721.0
2351,2019-01-07,ROS,35.7,36.15,34.95,36.0,310308.0
2352,2019-01-08,ROS,35.05,35.9,34.95,35.9,341872.0
2353,2019-01-09,ROS,35.7,36.0,34.95,36.0,351643.0
2354,2019-01-10,ROS,36.0,36.0,34.95,35.9,471374.0
2355,2019-01-11,ROS,35.1,35.8,34.95,35.8,437168.0
2356,2019-01-14,ROS,35.2,35.7,34.95,35.7,362676.0
2357,2019-01-15,ROS,35.05,35.45,34.95,35.45,429293.0
2358,2019-01-16,ROS,35.2,35.6,34.9,35.6,374024.0
2359,2019-01-17,ROS,35.0,35.6,34.9,35.55,410403.0
2360,2019-01-18,ROS,35.55,35.55,34.9,35.4,379537.0
2361,2019-01-21,ROS,35.0,35.4,34.9,35.35,254450.0
2362,2019-01-22,ROS,35.3,35.3,34.85,35.25,248492.0
2363,2019-01-23,ROS,35.25,35.25,34.8,35.15,236872.0
2364,2019-01-24,ROS,35.15,35.15,34.65,35.0,231754.0
2365,2019-01-25,ROS,34.65,34.95,34.5,34.6,217000.0
2366,2019-01-28,ROS,33.95,34.2,33.85,33.9,148678.0
2367,2019-01-29,ROS,32.9,32.9,31.9,32.4,243034.0
2368,2019-01-30,ROS,31.8,32.0,30.95,31.2,234282.0
2369,2019-01-31,ROS,30.5,32.0,30.5,31.45,127686.0
2370,2019-02-01,ROS,31.45,31.8,30.9,31.65,174397.0
2371,2019-02-04,ROS,,,,,
2372,2019-02-05,ROS,,,,,
2373,2019-02-06,ROS,,,,,
2374,2019-02-07,ROS,,,,,
2375,2019-02-08,ROS,,,,,
2376,2019-02-11,ROS,31.6,33.65,30.95,33.65,218961.0
2377,2019-02-12,ROS,32.95,33.7,32.7,33.7,269796.0
2378,2019-02-13,ROS,33.2,33.75,32.7,33.7,374125.0
2379,2019-02-14,ROS,33.65,33.7,33.0,33.7,283271.0
2380,2019-02-15,ROS,33.5,33.65,32.8,33.65,303807.0
2381,2019-02-18,ROS,33.05,33.5,32.7,33.5,412644.0
2382,2019-02-19,ROS,33.5,34.8,32.6,34.8,376857.0
2383,2019-02-20,ROS,33.9,34.8,33.55,34.8,355539.0
2384,2019-02-21,ROS,34.5,34.95,33.55,34.95,458668.0
2385,2019-02-22,ROS,34.8,35.1,33.7,34.95,409182.0
2386,2019-02-25,ROS,34.5,35.5,33.9,35.5,439762.0
2387,2019-02-26,ROS,34.9,35.7,34.2,35.7,487325.0
2388,2019-02-27,ROS,35.0,35.75,34.3,35.7,500732.0
2389,2019-02-28,ROS,35.5,35.5,34.3,34.65,485901.0
2390,2019-03-01,ROS,33.7,34.5,33.2,34.15,544463.0
2391,2019-03-04,ROS,34.1,34.2,32.95,34.05,677975.0
2392,2019-03-05,ROS,33.1,34.0,32.9,33.75,512318.0
2393,2019-03-06,ROS,33.65,33.75,32.6,33.75,516052.0
2394,2019-03-07,ROS,33.0,33.6,32.6,33.5,701172.0
2395,2019-03-08,ROS,33.0,33.4,32.55,33.0,319685.0
2396,2019-03-11,ROS,32.8,32.8,32.0,32.65,426719.0
2397,2019-03-12,ROS,32.5,33.5,31.65,33.4,735502.0
2398,2019-03-13,ROS,33.0,33.5,32.35,33.5,501136.0
2399,2019-03-14,ROS,33.45,33.45,32.5,33.35,349388.0
2400,2019-03-15,ROS,32.65,33.3,32.35,33.0,765853.0
2401,2019-03-18,ROS,32.5,33.15,32.0,33.1,579036.0
2402,2019-03-19,ROS,32.2,32.95,32.0,32.95,724063.0
2403,2019-03-20,ROS,32.85,32.85,32.0,32.55,682540.0
2404,2019-03-21,ROS,31.9,32.85,31.7,32.85,629972.0
2405,2019-03-22,ROS,32.0,32.7,31.75,32.4,642013.0
2406,2019-03-25,ROS,31.7,32.4,31.55,32.4,500446.0
2407,2019-03-26,ROS,32.4,32.55,31.65,32.55,783543.0
2408,2019-03-27,ROS,32.0,32.6,31.65,32.55,749407.0
2409,2019-03-28,ROS,32.55,32.6,31.7,32.6,598423.0
2410,2019-03-29,ROS,32.3,32.3,31.75,32.0,582760.0
2411,2019-04-01,ROS,31.8,32.15,31.1,32.15,1278143.0
2412,2019-04-02,ROS,31.45,31.95,31.25,31.95,722965.0
2413,2019-04-03,ROS,31.3,31.7,31.2,31.7,437711.0
2414,2019-04-04,ROS,31.7,31.7,31.2,31.5,760967.0
2415,2019-04-05,ROS,31.45,31.8,31.0,31.65,622082.0
2416,2019-04-08,ROS,31.25,31.65,30.95,31.45,753611.0
2417,2019-04-09,ROS,31.05,31.3,30.75,31.3,752618.0
2418,2019-04-10,ROS,30.8,32.1,30.5,32.1,717802.0
2419,2019-04-11,ROS,31.4,31.5,31.0,31.45,785710.0
2420,2019-04-12,ROS,31.35,31.5,30.5,31.5,866062.0
2421,2019-04-15,ROS,,,,,
2422,2019-04-16,ROS,30.8,31.5,30.45,31.5,717156.0
2423,2019-04-17,ROS,30.6,31.45,30.45,31.45,876710.0
2424,2019-04-18,ROS,30.55,31.3,30.4,31.3,1009288.0
2425,2019-04-19,ROS,31.3,31.5,30.3,31.5,928954.0
2426,2019-04-22,ROS,30.6,31.0,30.45,31.0,908733.0
2427,2019-04-23,ROS,31.0,31.2,30.2,31.2,972267.0
2428,2019-04-24,ROS,30.4,31.0,30.25,31.0,936408.0
2429,2019-04-25,ROS,30.8,31.0,30.25,30.95,771196.0
2430,2019-04-26,ROS,30.3,30.9,30.2,30.85,1025285.0
2431,2019-04-29,ROS,,,,,
2432,2019-04-30,ROS,,,,,
2433,2019-05-01,ROS,,,,,
2434,2019-05-02,ROS,30.25,30.7,30.05,30.65,1006622.0
2435,2019-05-03,ROS,30.1,30.6,29.95,30.6,866083.0
2436,2019-05-06,ROS,30.2,30.5,29.95,30.5,960055.0
2437,2019-05-07,ROS,30.5,30.5,29.75,30.35,1035044.0
2438,2019-05-08,ROS,30.35,30.4,29.55,30.4,897720.0
2439,2019-05-09,ROS,30.4,30.4,29.5,30.3,970635.0
2440,2019-05-10,ROS,30.0,30.1,29.4,30.1,1021508.0
2441,2019-05-13,ROS,30.0,32.0,29.1,32.0,997573.0
2442,2019-05-14,ROS,30.9,34.0,30.1,34.0,1126579.0
2443,2019-05-15,ROS,32.2,34.0,32.0,32.6,1052759.0
2444,2019-05-16,ROS,31.7,32.65,30.95,32.65,970611.0
2445,2019-05-17,ROS,32.0,34.8,31.05,34.8,1260877.0
2446,2019-05-20,ROS,33.05,33.8,33.0,33.5,1064858.0
2447,2019-05-21,ROS,32.55,33.1,32.1,32.45,975353.0
2448,2019-05-22,ROS,31.8,31.9,31.4,31.6,955018.0
2449,2019-05-23,ROS,30.7,30.95,30.0,30.0,662285.0
2450,2019-05-24,ROS,29.4,30.0,29.3,30.0,739757.0
2451,2019-05-27,ROS,29.95,30.4,29.35,30.4,1127234.0
2452,2019-05-28,ROS,30.0,30.6,29.6,30.4,540585.0
2453,2019-05-29,ROS,30.3,30.4,29.7,30.0,1001161.0
2454,2019-05-30,ROS,30.0,30.1,29.55,29.95,473864.0
2455,2019-05-31,ROS,29.5,29.95,29.5,29.95,756958.0
2456,2019-06-03,ROS,29.6,29.95,29.4,29.8,1076200.0
2457,2019-06-04,ROS,29.5,30.0,29.3,30.0,853485.0
2458,2019-06-05,ROS,29.8,30.1,29.5,30.1,648082.0
2459,2019-06-06,ROS,30.0,30.05,29.5,30.05,1264412.0
2460,2019-06-07,ROS,29.65,30.0,29.5,30.0,1081560.0
2461,2019-06-10,ROS,30.0,31.0,29.5,31.0,881046.0
2462,2019-06-11,ROS,30.3,30.7,30.15,30.65,856156.0
2463,2019-06-12,ROS,30.65,30.65,29.8,30.1,1200509.0
2464,2019-06-13,ROS,29.55,30.1,29.5,30.1,1073735.0
2465,2019-06-14,ROS,30.1,30.7,29.55,30.7,1068976.0
2466,2019-06-17,ROS,30.5,30.5,29.75,30.15,1048650.0
2467,2019-06-18,ROS,29.6,30.4,29.5,30.4,1251488.0
2468,2019-06-19,ROS,30.0,30.25,29.65,30.25,1256007.0
2469,2019-06-20,ROS,30.0,30.25,29.65,30.25,1256007.0
2470,2019-06-21,ROS,,,,,
2471,2019-06-24,ROS,29.95,30.0,29.55,30.0,1155879.0
2472,2019-06-25,ROS,29.6,30.05,29.55,30.0,1003098.0
2473,2019-06-26,ROS,29.95,29.95,29.6,29.95,1385669.0
2474,2019-06-27,ROS,29.65,29.95,29.65,29.9,1063767.0
2475,2019-06-28,ROS,29.9,29.9,29.6,29.8,816300.0
2476,2019-07-01,ROS,29.6,29.8,29.5,29.75,1223607.0
2477,2019-07-02,ROS,29.6,29.75,29.4,29.4,782710.0
2478,2019-07-03,ROS,29.3,29.4,29.0,29.4,917463.0
2479,2019-07-04,ROS,29.1,29.8,29.0,29.8,1358782.0
2480,2019-07-05,ROS,29.45,29.7,29.3,29.35,1111190.0
2481,2019-07-08,ROS,29.4,29.5,29.05,29.4,865360.0
2482,2019-07-09,ROS,29.1,29.4,29.0,29.25,1139198.0
2483,2019-07-10,ROS,28.95,29.25,28.85,29.2,1189213.0
2484,2019-07-11,ROS,29.2,29.2,28.85,29.2,778792.0
2485,2019-07-12,ROS,29.2,29.2,28.35,28.5,1388893.0
2486,2019-07-15,ROS,28.45,28.5,27.55,28.0,962093.0
2487,2019-07-16,ROS,27.8,28.6,27.0,28.6,940945.0
2488,2019-07-17,ROS,27.7,27.95,27.35,27.4,1079209.0
2489,2019-07-18,ROS,27.05,27.7,27.0,27.5,423091.0
2490,2019-07-19,ROS,27.4,27.7,27.0,27.7,1136530.0
2491,2019-07-22,ROS,27.7,27.7,27.0,27.5,1147407.0
2492,2019-07-23,ROS,27.0,28.0,26.5,28.0,977081.0
2493,2019-07-24,ROS,27.2,28.0,26.9,28.0,1118881.0
2494,2019-07-25,ROS,28.0,28.0,27.0,27.8,1254433.0
2495,2019-07-26,ROS,,,,,
2496,2019-07-29,ROS,27.3,27.5,26.95,27.4,459660.0
2497,2019-07-30,ROS,27.4,27.4,26.95,27.3,1104830.0
2498,2019-07-31,ROS,27.3,27.3,26.95,27.15,950072.0
2499,2019-08-01,ROS,26.95,27.2,26.35,27.2,1073347.0
2500,2019-08-02,ROS,26.55,27.5,26.25,27.5,1455751.0
2501,2019-08-05,ROS,27.0,28.1,26.35,28.1,1280061.0
2502,2019-08-06,ROS,27.0,28.5,26.5,28.5,1230651.0
2503,2019-08-07,ROS,27.35,27.5,26.9,27.5,1238717.0
2504,2019-08-08,ROS,26.7,27.2,26.5,27.2,1533201.0
2505,2019-08-09,ROS,26.9,27.1,26.35,27.1,1375562.0
2506,2019-08-12,ROS,26.6,27.4,26.3,27.4,1261985.0
2507,2019-08-13,ROS,27.0,27.05,26.3,27.0,1650964.0
2508,2019-08-14,ROS,26.45,26.8,26.15,26.7,1320037.0
2509,2019-08-15,ROS,26.7,26.7,25.95,26.4,1048993.0
2510,2019-08-16,ROS,25.8,26.3,25.7,26.2,1491062.0
2511,2019-08-19,ROS,25.8,26.1,25.5,25.7,1260067.0
2512,2019-08-20,ROS,25.5,25.7,25.0,25.6,1121441.0
2513,2019-08-21,ROS,25.6,25.6,25.0,25.4,1256068.0
2514,2019-08-22,ROS,25.0,25.95,24.85,25.95,1384438.0
2515,2019-08-23,ROS,25.6,26.6,25.0,26.6,1318680.0
2516,2019-08-26,ROS,25.6,26.8,25.2,26.8,1257500.0
2517,2019-08-27,ROS,26.4,27.0,25.5,27.0,874888.0
2518,2019-08-28,ROS,26.8,27.5,25.8,27.5,1496919.0
2519,2019-08-29,ROS,26.3,28.0,26.3,28.0,1398478.0
2520,2019-08-30,ROS,27.2,28.65,26.8,28.0,1296719.0
2521,2019-09-02,ROS,,,,,
2522,2019-09-03,ROS,27.0,27.4,26.8,27.1,1224504.0
2523,2019-09-04,ROS,26.45,26.45,26.05,26.3,1132524.0
2524,2019-09-05,ROS,25.7,27.1,25.5,27.1,1261015.0
2525,2019-09-06,ROS,26.95,27.1,26.0,27.1,1494717.0
2526,2019-09-09,ROS,26.5,27.55,26.0,27.55,1366968.0
2527,2019-09-10,ROS,27.0,28.0,26.45,28.0,1106372.0
2528,2019-09-11,ROS,27.8,27.8,26.95,27.3,1274243.0
2529,2019-09-12,ROS,26.95,26.95,26.35,26.7,1448572.0
2530,2019-09-13,ROS,26.0,26.55,25.95,26.55,1456937.0
2531,2019-09-16,ROS,26.5,27.0,25.95,27.0,1491008.0
2532,2019-09-17,ROS,27.0,27.0,26.2,26.7,1540600.0
2533,2019-09-18,ROS,26.65,26.9,26.05,26.9,1808324.0
2534,2019-09-19,ROS,26.75,26.8,26.25,26.8,1913253.0
2535,2019-09-20,ROS,26.7,26.8,26.15,26.8,1880446.0
2536,2019-09-23,ROS,26.8,26.8,26.15,26.2,916742.0
2537,2019-09-24,ROS,26.7,27.0,26.3,27.0,1745282.0
2538,2019-09-25,ROS,26.35,26.7,26.3,26.7,1945258.0
2539,2019-09-26,ROS,26.3,26.6,26.15,26.6,1871819.0
2540,2019-09-27,ROS,26.6,26.6,26.05,26.4,1822816.0
2541,2019-09-30,ROS,25.95,26.4,25.85,26.4,1860140.0
2542,2019-10-01,ROS,26.4,26.4,25.85,26.2,1932088.0
2543,2019-10-02,ROS,26.15,26.2,25.7,26.2,1958467.0
2544,2019-10-03,ROS,26.0,26.0,25.65,25.95,1891401.0
2545,2019-10-04,ROS,25.5,26.0,25.4,26.0,2123950.0
2546,2019-10-07,ROS,25.65,26.0,25.45,26.0,2005258.0
2547,2019-10-08,ROS,25.5,25.85,25.45,25.85,1936555.0
2548,2019-10-09,ROS,25.85,25.85,25.3,25.65,2015037.0
2549,2019-10-10,ROS,25.5,25.65,25.1,25.65,2133719.0
2550,2019-10-11,ROS,25.15,25.75,25.1,25.75,2240306.0
2551,2019-10-14,ROS,25.7,25.75,25.2,25.75,2189595.0
2552,2019-10-15,ROS,,,,,
2553,2019-10-16,ROS,,,,,
2554,2019-10-17,ROS,,,,,
2555,2019-10-18,ROS,,,,,
2556,2019-10-21,ROS,,,,,
2557,2019-10-22,ROS,,,,,
2558,2019-10-23,ROS,,,,,
2559,2019-10-24,ROS,,,,,
2560,2019-10-25,ROS,,,,,
2561,2019-10-28,ROS,,,,,
2562,2019-10-29,ROS,,,,,
2563,2019-10-30,ROS,,,,,
2564,2019-10-31,ROS,,,,,
2565,2019-11-01,ROS,,,,,
2566,2019-11-04,ROS,,,,,
2567,2019-11-05,ROS,,,,,
2568,2019-11-06,ROS,,,,,
2569,2019-11-07,ROS,,,,,
2570,2019-11-08,ROS,,,,,
2571,2019-11-11,ROS,,,,,
2572,2019-11-12,ROS,,,,,
2573,2019-11-13,ROS,,,,,
2574,2019-11-14,ROS,,,,,
2575,2019-11-15,ROS,,,,,
2576,2019-11-18,ROS,,,,,
2577,2019-11-19,ROS,,,,,
2578,2019-11-20,ROS,,,,,
2579,2019-11-21,ROS,,,,,
2580,2019-11-22,ROS,,,,,
2581,2019-11-25,ROS,,,,,
2582,2019-11-26,ROS,,,,,
2583,2019-11-27,ROS,,,,,
2584,2019-11-28,ROS,,,,,
2585,2019-11-29,ROS,,,,,
2586,2019-12-02,ROS,,,,,
2587,2019-12-03,ROS,,,,,
2588,2019-12-04,ROS,,,,,
2589,2019-12-05,ROS,,,,,
2590,2019-12-06,ROS,,,,,
2591,2019-12-09,ROS,,,,,
2592,2019-12-10,ROS,,,,,
2593,2019-12-11,ROS,,,,,
2594,2019-12-12,ROS,,,,,
2595,2019-12-13,ROS,,,,,
2596,2019-12-16,ROS,,,,,
2597,2019-12-17,ROS,,,,,
2598,2019-12-18,ROS,,,,,
2599,2019-12-19,ROS,,,,,
2600,2019-12-20,ROS,,,,,
2601,2019-12-23,ROS,,,,,
2602,2019-12-24,ROS,,,,,
2603,2019-12-25,ROS,,,,,
2604,2019-12-26,ROS,,,,,
2605,2019-12-27,ROS,,,,,
2606,2019-12-30,ROS,,,,,
2607,2019-12-31,ROS,,,,,
2608,2020-01-01,ROS,,,,,
2609,2020-01-02,ROS,,,,,
2610,2020-01-03,ROS,,,,,
2611,2020-01-06,ROS,,,,,
2612,2020-01-07,ROS,,,,,
2613,2020-01-08,ROS,,,,,
2614,2020-01-09,ROS,,,,,
2615,2020-01-10,ROS,,,,,
2616,2020-01-13,ROS,,,,,
2617,2020-01-14,ROS,,,,,
2618,2020-01-15,ROS,,,,,
2619,2020-01-16,ROS,,,,,
2620,2020-01-17,ROS,,,,,
2621,2020-01-20,ROS,,,,,
2622,2020-01-21,ROS,,,,,
2623,2020-01-22,ROS,,,,,
2624,2020-01-23,ROS,,,,,
2625,2020-01-24,ROS,,,,,
2626,2020-01-27,ROS,,,,,
2627,2020-01-28,ROS,,,,,
2628,2020-01-29,ROS,,,,,
2629,2020-01-30,ROS,,,,,
2630,2020-01-31,ROS,,,,,
2631,2020-02-03,ROS,,,,,
2632,2020-02-04,ROS,,,,,
2633,2020-02-05,ROS,,,,,
2634,2020-02-06,ROS,,,,,
2635,2020-02-07,ROS,,,,,
2636,2020-02-10,ROS,,,,,
2637,2020-02-11,ROS,,,,,
2638,2020-02-12,ROS,,,,,
2639,2020-02-13,ROS,,,,,
2640,2020-02-14,ROS,,,,,
2641,2020-02-17,ROS,,,,,
2642,2020-02-18,ROS,,,,,
2643,2020-02-19,ROS,,,,,
2644,2020-02-20,ROS,,,,,
2645,2020-02-21,ROS,,,,,
2646,2020-02-24,ROS,,,,,
2647,2020-02-25,ROS,,,,,
2648,2020-02-26,ROS,,,,,
2649,2020-02-27,ROS,,,,,
2650,2020-02-28,ROS,,,,,
2651,2020-03-02,ROS,,,,,
2652,2020-03-03,ROS,,,,,
2653,2020-03-04,ROS,,,,,
2654,2020-03-05,ROS,,,,,
2655,2020-03-06,ROS,,,,,
2656,2020-03-09,ROS,,,,,
2657,2020-03-10,ROS,,,,,
2658,2020-03-11,ROS,,,,,
2659,2020-03-12,ROS,,,,,
2660,2020-03-13,ROS,,,,,
2661,2020-03-16,ROS,,,,,
2662,2020-03-17,ROS,,,,,
2663,2020-03-18,ROS,,,,,
2664,2020-03-19,ROS,,,,,
2665,2020-03-20,ROS,,,,,
2666,2020-03-23,ROS,,,,,
2667,2020-03-24,ROS,,,,,
2668,2020-03-25,ROS,,,,,
2669,2020-03-26,ROS,,,,,
2670,2020-03-27,ROS,,,,,
2671,2020-03-30,ROS,,,,,
2672,2020-03-31,ROS,,,,,
2673,2020-04-01,ROS,,,,,
2674,2020-04-02,ROS,,,,,
2675,2020-04-03,ROS,,,,,
2676,2020-04-06,ROS,,,,,
2677,2020-04-07,ROS,,,,,
2678,2020-04-08,ROS,,,,,
2679,2020-04-09,ROS,,,,,
2680,2020-04-10,ROS,,,,,
2681,2020-04-13,ROS,,,,,
2682,2020-04-14,ROS,,,,,
2683,2020-04-15,ROS,,,,,
2684,2020-04-16,ROS,,,,,
2685,2020-04-17,ROS,,,,,
2686,2020-04-20,ROS,,,,,
2687,2020-04-21,ROS,,,,,
2688,2020-04-22,ROS,,,,,
2689,2020-04-23,ROS,,,,,
2690,2020-04-24,ROS,,,,,
2691,2020-04-27,ROS,,,,,
2692,2020-04-28,ROS,,,,,
2693,2020-04-29,ROS,,,,,
2694,2020-04-30,ROS,,,,,
2695,2020-05-01,ROS,,,,,
2696,2020-05-04,ROS,,,,,
2697,2020-05-05,ROS,,,,,
2698,2020-05-06,ROS,,,,,
2699,2020-05-07,ROS,,,,,
2700,2020-05-08,ROS,,,,,
2701,2020-05-11,ROS,,,,,
2702,2020-05-12,ROS,,,,,
2703,2020-05-13,ROS,,,,,
2704,2020-05-14,ROS,,,,,
2705,2020-05-15,ROS,,,,,
